setting,Accuracy_Overall,F1_Overall,Precision_Overall,Recall_Overall,"Accuracy_intake, assessment, and diagnosis","F1_intake, assessment, and diagnosis","Precision_intake, assessment, and diagnosis","Recall_intake, assessment, and diagnosis",Accuracy_treatment planning,F1_treatment planning,Precision_treatment planning,Recall_treatment planning,Accuracy_counseling skills and interventions,F1_counseling skills and interventions,Precision_counseling skills and interventions,Recall_counseling skills and interventions,Accuracy_professional practice and ethics,F1_professional practice and ethics,Precision_professional practice and ethics,Recall_professional practice and ethics,Accuracy_core counseling attributes,F1_core counseling attributes,Precision_core counseling attributes,Recall_core counseling attributes
Asclepius-13B_few-shot_sc_1,0.23560000000000006,0.10577934032256035,0.15715811200255814,0.24683126428239227,0.2612,0.1196593856959217,0.2059568823076755,0.24598809004694144,0.23980000000000004,0.11725211022850802,0.2562625774712244,0.25813737392989855,0.23859999999999998,0.10620339583377517,0.128331644616701,0.25126394932065893,0.21970000000000003,0.0950400992480186,0.12306293991948211,0.24496336502594965,0.16809999999999994,0.07155818517687124,0.042024999999999986,
medalpaca-7b_few-shot_None_1,,,,,,,,,,,,,,,,,,,,,,,,
Llama-2-13b-hf_few-shot_None_1,0.39050000000000007,0.31436957326584536,0.33235955968332803,0.31211468813294657,0.3965000000000001,0.32271398514786037,0.33573063150336024,0.3222458441604152,0.3889,0.31484676384756666,0.325317992093807,0.31493787017736613,0.3436,0.2779619112203981,0.29889420381127385,0.27793359087675173,0.38880000000000003,0.30758430259567615,0.3227316883747692,0.3043939215811893,0.5187999999999999,0.3455661027849818,0.3411434823336508,0.3709857375850269
Asclepius-13B_few-shot_sc_3,0.3813,0.37249856981168855,0.40248669991988995,0.38332837276801085,0.35609999999999997,0.3501201761822491,0.38760166811546326,0.36996320275364786,0.36,0.3572340951971259,0.4063484191027705,0.36587384044000865,0.3702,0.3614700383298811,0.3781505141646473,0.36972817355415666,0.40930000000000005,0.4021859702165954,0.4274242749472725,0.41439813055424035,0.44060000000000005,0.3513083620360842,0.33372626729905286,0.3997594664260831
BioMedGPT-LM-7B_few-shot-cot_None_3,0.09589999999999999,0.09539867347731162,0.21259000609405512,0.0778536495512034,0.0973,0.09502476164120868,0.20062752193944391,0.07577005398706622,0.0873,0.08691047309790101,0.22355035714642296,0.07289792382676027,0.11490000000000002,0.11470605530996797,0.2659651911030949,0.09483181308991612,0.07900000000000001,0.08235988406447764,0.22306171829047255,0.06668381138879989,0.1353,0.13585999716101635,0.24333113904812267,0.11768160351008836
Llama3-Med42-8B_few-shot_sc_1,0.6386,0.6318453346700551,0.6401774137173559,0.6356035161152617,0.6496999999999999,0.6385963357873934,0.6457944334743517,0.6435561959165761,0.6426999999999999,0.634854476942167,0.6456077996257059,0.6402062049754401,0.6416000000000001,0.637079477974683,0.6470945825161594,0.6416233012835246,0.6190000000000001,0.6067744940348032,0.6161001039706607,0.6119142024762924,0.5242000000000001,0.4901414473875011,0.5076919441209973,0.504810559240104
Meta-Llama-3-8B-Instruct_few-shot_sc_1,0.6550999999999999,0.6483568282741841,0.6556890814200912,0.6523262638004599,0.6413000000000001,0.6317272566886191,0.6386295771012425,0.6356773545043519,0.6328,0.6240909153894658,0.6296199247353094,0.6305934919620166,0.6617999999999999,0.6564628054345389,0.668798505970204,0.661405286293831,0.6387999999999999,0.6302311988936226,0.6350237356623853,0.6337686183996609,0.6088999999999999,0.5466449193614462,0.5807911879442481,0.555838720053508
Mistral-7B-Instruct-v0.3_few-shot-cot_None_1,0.5530000000000002,0.5362021455803347,0.5455165135034563,0.5437350012296368,0.5649000000000001,0.5139619777072995,0.5239122571262638,0.5190381586503235,0.5482,0.5415266707275997,0.5542285192208956,0.5463823337948022,0.5416000000000001,0.5355602414311182,0.5434628230103561,0.5433193377500508,0.5515,0.5452120433377692,0.5542408189479835,0.5510231474326249,0.5178999999999999,0.5167684979168377,0.5417181554398773,0.543887980744304
BioMedGPT-LM-7B_few-shot_None_3,0.3839000000000001,0.3746408422859421,0.38779339385202577,0.3804472815596526,0.3987,0.38431015158936754,0.40602185612152736,0.39369313001226475,0.37589999999999996,0.3632410572511005,0.37640199527671664,0.3694992249271696,0.3754,0.3666334769550662,0.38357554077669515,0.3774232123057191,0.35540000000000005,0.35216761866944074,0.36132334870532673,0.35427917834983796,0.5381,0.5300851598262429,0.5664931695586157,0.5719138307479704
Llama3-Med42-70B_few-shot_None_5,0.23840000000000003,0.09577919490239176,0.05960000000000001,,0.21650000000000003,0.0886062552976209,0.054125000000000006,,0.2243,0.09119339904225936,0.056075,,0.2518,0.1001578326570602,0.06295,,0.24370000000000008,0.09753500197864662,0.06092500000000002,,0.3924,0.14041826663726753,0.0981,
MentaLLaMA-chat-13B_zero-shot_None_0,0.461,0.4361571620403476,0.4863356786373313,0.4568537307719663,0.4754999999999999,0.4543419684655167,0.5310086812691434,0.483897238978948,0.48960000000000004,0.46992674825076636,0.5309116275559862,0.487838295601815,0.4319999999999999,0.4016678409892544,0.44414858175784616,0.4238032016256668,0.4381999999999999,0.4174359013199306,0.46515686183013266,0.4330061487967032,0.5649000000000001,0.5342580306213606,0.6600260842967444,0.5531329175375959
Llama3-Med42-8B_few-shot_sc_5,0.23280000000000003,0.10215035299891154,0.12330131773698344,0.25213824663769985,0.22089999999999999,0.09624877983836413,0.10695097923268028,0.2509575644277907,0.21400000000000005,0.09365627846871924,0.09659437584636939,0.24406689303060944,0.2686,0.1167601471818211,0.1557165038725236,0.2569432880312821,0.23680000000000004,0.09521382962141686,0.059432168625025775,0.24574076985596235,0.3942,0.14073949441661518,0.09855,
BioMedGPT-LM-7B_few-shot_sc_3,0.4356999999999999,0.41955933599480244,0.4471719759452973,0.428833743914671,0.4465,0.4219922563469386,0.4486840866727104,0.43574447188301396,0.4616,0.43317323282640935,0.46573731052265066,0.4446092894762368,0.4202,0.4126880934907043,0.45449990389611117,0.42327616608378826,0.4263,0.40629170550842564,0.4265075895522208,0.414471733325276,0.4796,0.457096862895684,0.5595842753573208,0.4770562363488984
meditron-70b_few-shot-cot_None_1,0.21530000000000002,0.08092269864426095,0.1145592526013586,0.179354445110907,0.2485,0.0887649707239644,0.11984590543846449,0.19281806953709246,0.2125,0.09021916885410987,0.18989989612149025,0.18601872860679422,0.2151,0.08229485101967735,0.13976935960891917,0.18046460292001998,0.17219999999999996,0.0633393731254376,0.039969751068387224,0.15786758813572757,0.1785,0.09730257298258918,0.23244990203939636,0.17541980481551164
Asclepius-7B_few-shot-cot_None_3,,,,,,,,,,,,,,,,,,,,,,,,
med42-70b_few-shot_None_3,0.5765,0.4984764050162822,0.555975169334531,0.4595821566458482,0.6408999999999999,0.5240349901079112,0.5596602879498507,0.5055852819961767,0.5139999999999999,0.46279427733147044,0.5438981428457492,0.41029187427881475,0.5352,0.47118779334131466,0.5412028794141406,0.42697442957542864,0.5706,0.4945054454634908,0.5599829092946785,0.45200228429762107,0.39089999999999997,0.3295328571118158,0.4624137327592678,0.2797342618175036
Llama3-Med42-8B_few-shot_None_5,0.24580000000000002,0.15773159586665306,0.12308892591341092,0.25273742561761814,0.22369999999999998,0.14781208892500927,0.11133655959167726,0.2480443251516871,0.2603,0.16742459512293104,0.13083608015719045,0.2784132082672195,0.2828,0.17798257556143188,0.14447418028363754,0.2637782404133441,0.20800000000000002,0.12845405234035717,0.09877959906542463,0.21182977349556187,0.4392999999999999,0.24590751162405297,0.20319556300384253,0.32536619102987885
ClinicalCamel-70B_few-shot-cot_None_3,0.40049999999999997,0.35381075411947327,0.4097586722880864,0.36124845841068165,0.4012,0.3753448274344437,0.45245559298957366,0.3843767702109766,0.3742000000000001,0.32653451086161966,0.37822709511890445,0.33911418131512155,0.4010999999999999,0.35331905665043417,0.3962332012370106,0.35961460091065756,0.4025,0.3369782445931364,0.3803256448591513,0.34420784472887567,0.34980000000000006,0.31521520207518744,0.3210188244746634,0.32748920596121833
Llama3-Med42-70B_few-shot_sc_1,0.6953,0.6902005106046611,0.6972619252374378,0.6941400065098092,0.6953,0.6880217853720886,0.6931660113527823,0.6924192245240743,0.7136999999999999,0.7041638267084399,0.7158754456968598,0.70864829943507,0.6939,0.6889625108585621,0.697354238588038,0.6951780769239961,0.6679999999999999,0.658510839095796,0.6683141314722957,0.6628947735957691,0.6509,0.6221917963253177,0.6267358239838368,0.6362090570368053
Llama-2-70b-hf_few-shot_None_1,0.5567,0.4512804074456709,0.46683571211281644,0.44507429921840613,0.5759,0.4766336337720249,0.4878262307876352,0.47603395317941527,0.5686000000000001,0.4611474611719125,0.4797897476461792,0.459627551808666,0.5209000000000001,0.42103002190687916,0.43872142848210516,0.4152879518128698,0.5925,0.4813380400499438,0.5002842324828002,0.4732003581135901,0.5553,0.4524179125049004,0.5080796066584504,0.44273723163698714
Llama3-OpenBioLLM-8B_few-shot_None_3,0.5759,0.5713042741497105,0.5802097484090197,0.576022014054909,0.5855,0.5741294982033082,0.5839312586129344,0.5789225100135311,0.6073000000000001,0.6060910354124236,0.6176700242226619,0.6109345896098624,0.5959,0.5901840607856387,0.5999981521534014,0.5969711401020971,0.5361,0.5286691549216669,0.5357145994454313,0.5364086129540714,0.42760000000000004,0.4286612371664787,0.5282634762985237,0.4505219393127948
ClinicalCamel-70B_few-shot_None_3,0.655,0.6494596359268585,0.6549492544091333,0.6542080419957891,0.7033,0.6927664323317305,0.6987218898781904,0.6962874265518209,0.6451,0.6369394395507472,0.6464294615542826,0.6435013795873563,0.6362,0.629684073382082,0.6361786635493069,0.6332593146404598,0.6359,0.6254240245999472,0.631367036486561,0.6294296197004597,0.5615,0.5672491382032033,0.5851574486475266,0.5982249357906276
Llama-2-70b-hf_few-shot_None_3,0.5872999999999999,0.5802950898383421,0.5861177816585438,0.5852841600890938,0.6210999999999999,0.6127723442806494,0.6192203282573125,0.6179100343827558,0.6069,0.5985089004613782,0.6084638634765512,0.6062521390262082,0.5587,0.550022271790435,0.5561725210307613,0.5564871758179827,0.5723,0.5636897054705701,0.5688427042405528,0.5695373379338254,0.5172000000000001,0.522790329583936,0.5277583908983865,0.5714117923523049
ClinicalCamel-70B_zero-shot_None_0,0.6178,0.612035772708428,0.6196871867451373,0.6175509775283985,0.6686999999999999,0.6594708805654341,0.6653231126264417,0.6633289536680786,0.6214999999999999,0.6142198253911231,0.6270606946881528,0.6233966830114486,0.5992000000000001,0.5907116951013262,0.6009082527942756,0.5949105917763512,0.5954,0.5896346807736877,0.5953594559147157,0.5978040250712156,0.5695,0.5740636838702025,0.5906874805443708,0.60408574204564
meditron-70b_zero-shot_sc_0,0.5494000000000001,0.5361787766365381,0.5552536490884193,0.5458770497050822,0.55,0.5330563759067674,0.5496498461657628,0.5423186801462129,0.5977999999999999,0.5818575881171737,0.6275711683486739,0.588736222263926,0.5396,0.5267785585735026,0.5409374980036765,0.5360452912382919,0.5361,0.5255977964656472,0.5439018129591202,0.5360781673722614,0.34929999999999994,0.33763573510447714,0.361820427632221,0.3711979031696108
Meta-Llama-3-8B-Instruct_few-shot-cot_None_1,0.24790000000000004,0.13610721120779748,0.2933340025807644,0.20460786062996067,0.25199999999999995,0.12608235305550325,0.2727287957501603,0.20005092946178352,0.2169,0.11806248565747929,0.24677509778969703,0.18331159276903974,0.2579,0.1358217030502801,0.29145743630019155,0.20926474691235925,0.24120000000000003,0.13937960894258158,0.3302530072874705,0.20812939718886903,0.1272,0.055616853368002934,0.03445086817668139,0.15027493192745245
Llama-2-70b-hf_few-shot-cot_None_1,0.22040000000000004,0.08160361238782475,0.11634556066323924,0.18405128313317,0.2503,0.08344321902648798,0.053687282810499885,0.19152651938285253,0.21400000000000002,0.0761231471023358,0.04846726058806901,0.1817969798565505,0.2126,0.08048302166057653,0.12263193549076791,0.18022368762227906,0.1898,0.08582993782072788,0.23895858384653315,0.17393128972201619,0.1362,0.053608690289359114,0.03290884976667105,0.15001890672654555
meditron-70b_few-shot-cot_None_3,0.19079999999999997,0.09621837936034992,0.17087415040515663,0.15609753285305966,0.21080000000000002,0.10274791511472808,0.18421333153335887,0.16486692101726014,0.19699999999999998,0.10858586685647945,0.2352317150207896,0.17192380972251858,0.1779,0.09674384436021283,0.1748705994139532,0.15097681709867317,0.1667,0.08158429922311036,0.15667884436507346,0.14836448737427402,0.13079999999999997,0.05667223778290346,0.03509987547968635,0.15224594922920065
meditron-7b_few-shot_sc_1,0.24030000000000007,0.09632676757534642,0.06007500000000002,,0.2636,0.10370919678835261,0.0659,,0.22970000000000002,0.09297972924438085,0.057425000000000004,,0.23550000000000001,0.09459444652823307,0.058875000000000004,,0.2267,0.09203736856638799,0.056675,,0.17579999999999996,0.07435277636638614,0.04394999999999999,
Llama-2-70b-hf_zero-shot_None_0,0.6015000000000001,0.5894313472792421,0.5998047397345855,0.5954678594486724,0.628,0.6116976202754671,0.6199546931330674,0.6185891019977305,0.6254,0.614133732915534,0.6281203161207803,0.6197573936894752,0.6004,0.5893963793671134,0.5978902376474694,0.5962324625668345,0.5650999999999999,0.5532355120005434,0.5595748206653806,0.560689893755553,0.47850000000000004,0.4805462326291597,0.4960801451393795,0.514467322594927
BioMedGPT-LM-7B_few-shot_sc_1,0.37599999999999995,0.35436866090373087,0.39229927385997465,0.37179205652107655,0.3935,0.3552790333375637,0.3909670341013794,0.3745180895430946,0.3699999999999999,0.345133360766524,0.3764485543825431,0.36002257077997896,0.37329999999999997,0.36164331358444607,0.417488107110411,0.38628562879599243,0.3845,0.36488866616561644,0.39310297354289825,0.3735788460801251,0.34119999999999995,0.334894687726891,0.40997370818568013,0.3632859784962749
BioMedGPT-LM-7B_few-shot_sc_5,0.23709999999999998,0.1000058671104245,0.12256860956503815,0.2527410959845581,0.22169999999999998,0.10113721828334338,0.19915901753703666,0.25664646823868,0.2207,0.0900137984734037,0.05534977839620697,,0.24610000000000004,0.10005513592146396,0.08022889095031951,0.25091015804971945,0.25170000000000003,0.1053657537238737,0.12775633501604589,0.25288052692225377,0.3902999999999999,0.1399440369398517,0.09757499999999998,
Llama-2-13b-chat-hf_zero-shot_sc_0,0.5156,0.49539359936070737,0.5481685942611505,0.5090086150798645,0.5159000000000001,0.5031566102704879,0.5418281420529906,0.5153519835451982,0.5611,0.5413806123838915,0.5869937578115411,0.5539897989891476,0.49929999999999997,0.47547361948913436,0.5325960405155606,0.4943749672367846,0.5191,0.49094093688685186,0.5537299756050442,0.5062762251548537,0.4793,0.38747432934974674,0.38844115416555236,0.43710629233902554
medalpaca-13b_few-shot_sc_5,0.28740000000000004,0.22053068414649768,0.27519969022333285,0.2798348964167658,0.27670000000000006,0.2144406697730464,0.2768376817809263,0.2801481356647143,0.2832,0.22696450299270296,0.29912874053230226,0.27367106859399876,0.2771,0.2057820651107295,0.22597973372918323,0.26549683272991514,0.28909999999999997,0.2051194037486486,0.2532683834414004,0.2719718161964969,0.25739999999999996,0.21790883576451792,0.35032495995819724,0.2556674454902424
medalpaca-7b_zero-shot_None_0,0.41859999999999997,0.4103454149965321,0.43034456195034954,0.41743493979125257,0.4092,0.4024036599894594,0.4186583098480193,0.41154989302048967,0.4337,0.42882219416942946,0.45685563197461126,0.4376012055139644,0.41300000000000003,0.4028127931421568,0.4193794979672377,0.40805915168918155,0.41319999999999996,0.40950212215288445,0.44889213188174076,0.4214627788645813,0.5251,0.4973163228659614,0.5078623448235465,0.5055305084477749
llama-2-7b-chat-hf_few-shot_None_3,0.44760000000000005,0.42294319879300174,0.5097276066310311,0.444562044146058,0.4444999999999999,0.4188465271885283,0.49017553285275417,0.4405493096959431,0.5037,0.46966891862825,0.5632268266222771,0.48774234419519774,0.4373,0.40901756374332016,0.49833414945865284,0.4294049214315851,0.4357,0.40166392856113203,0.4877852994474037,0.42651453404541906,0.33909999999999996,0.2760801810799802,0.31549431437369174,0.34851251857683174
ClinicalCamel-70B_few-shot-cot_None_1,0.3882,0.3219105918059844,0.3729733669178139,0.31288646286809774,0.44689999999999996,0.3683075862516904,0.41145994189660023,0.3620433708032187,0.35559999999999997,0.2975245077768018,0.3631967870808444,0.2870974377964916,0.3896,0.3209641539968646,0.37259193237600285,0.3119339081319255,0.3493,0.2924532851988168,0.3440252273060753,0.28394298920157746,0.2555,0.20045830879723936,0.2636662308605623,0.19996342247513701
BioMedGPT-LM-7B_zero-shot_sc_0,0.3807,0.3603631387302528,0.4166612694270574,0.37494653297470676,0.3947,0.3588823551819209,0.41545112292617864,0.3801401825415697,0.4129,0.39226939740805383,0.45383851136661313,0.4026671206075003,0.3443,0.33290669206027695,0.39519792216899985,0.3542517798990342,0.3925,0.3611701174322248,0.38872521843754226,0.3795257972583203,0.3847,0.3598874505116633,0.49895283142458025,0.41408054576165554
medalpaca-7b_few-shot_None_3,0.28900000000000003,0.2477561667609715,0.27991871554352066,0.2303063516092941,0.31689999999999996,0.255674413637363,0.27150407407150323,0.24998154185999716,0.27490000000000003,0.2446540826248177,0.29411058941991164,0.2216330290371694,0.2842,0.2469173926286957,0.2857268858794927,0.2247580570816191,0.3006,0.25943129409096033,0.30087811264216613,0.23714841343355733,0.31189999999999996,0.23895392297120377,0.3169753934373401,0.21255821700794622
Meta-Llama-3-70B-Instruct_few-shot_None_1,0.7236000000000002,0.7178992634719088,0.7247178901822656,0.7212864201394286,0.7354,0.726593152785357,0.7317640331728732,0.7315863096911456,0.7247999999999998,0.714910965803758,0.7253835781642399,0.718988980683643,0.7291,0.7208727152212281,0.7316552497606281,0.7254179900812631,0.6955,0.6898891552054323,0.6954089365695424,0.6944352612041667,0.6085,0.6038095022269103,0.6154651411539325,0.625176971208314
Llama-2-7b-hf_few-shot_None_5,0.2522,0.22354490053693418,0.26111383477587646,0.2578465153751139,0.2609,0.24423901871647774,0.2874379288529994,0.27591741872205655,0.2538000000000001,0.22579211847741484,0.2561784008369163,0.2686034770136591,0.24230000000000002,0.21622391971360075,0.25187951267620445,0.2424447046235711,0.22829999999999998,0.19167214559427037,0.20540057568650955,0.24083499442202572,0.34950000000000003,0.3117673819826332,0.4593478958248257,0.31571039287075137
Llama-2-7b-hf_few-shot-cot_None_3,0.21040000000000003,0.09718277663476077,0.18758719417566375,0.17228866057196857,0.22110000000000002,0.09240972793180659,0.1396072955207904,0.16630090508142026,0.188,0.08458542283134184,0.15222759243597372,0.16102997859901275,0.22030000000000005,0.1133064619857348,0.2510784541417281,0.18166629455550318,0.1788,0.08824328494167194,0.151875625809552,0.1587167357798821,0.1741,0.07181326722785618,0.044190591963539895,0.19999999999999996
MentaLLaMA-chat-13B_few-shot-cot_None_3,0.377,0.3349462040825847,0.36701331934283277,0.34106822873451953,0.3761,0.3568156968518023,0.3838742046084939,0.3636850540057771,0.3851999999999999,0.3355065124547736,0.3716884939316543,0.3406082290621874,0.3753000000000001,0.3406437225104307,0.37309050407948796,0.3456971335163596,0.34779999999999994,0.2891137021082144,0.3203996648462732,0.2961280608536614,0.39370000000000005,0.38280359536828107,0.42973152769550366,0.44741541654819367
llama-2-7b-chat-hf_few-shot-cot_None_1,0.32870000000000005,0.26443695260765127,0.31248186724045907,0.2620005844056597,0.3375000000000001,0.2649153726247658,0.3273074429473717,0.2627613773727931,0.34059999999999996,0.26628851219588523,0.3371025043216733,0.2711875645137844,0.3292,0.266202046475405,0.30516922666772667,0.2636429722500977,0.3275,0.2687729509815999,0.3310805675965689,0.2655308737022206,0.25980000000000003,0.2148578643286783,0.24522026730148191,0.23233498953533663
Llama3-OpenBioLLM-8B_few-shot-cot_None_3,0.5257000000000001,0.49230635530923533,0.5094719399902502,0.4970489852357813,0.5386,0.5130200353410582,0.5299645040934999,0.5153061316252543,0.5301999999999999,0.525722517518839,0.5471023978517239,0.5310203615279367,0.5285,0.5060590628804982,0.5247474439574845,0.5136667072264113,0.5235,0.45792859925063634,0.4671254609991353,0.46579511595775996,0.43690000000000007,0.3624618957746469,0.3931644492820505,0.3731312072964167
Llama-2-13b-chat-hf_few-shot_None_3,0.5361,0.5226258013006613,0.5600759714567234,0.5312600480198161,0.5562,0.5462800208415757,0.5854281069012301,0.5556647641755204,0.5636000000000001,0.5520395054191499,0.5895715639842556,0.5552997569880267,0.5012,0.48781850650487046,0.5289029722614698,0.4965207901844043,0.5323,0.5141387206653214,0.5433782816211759,0.5205765841455108,0.4804,0.4648783136419285,0.6114843600198746,0.4981930017369466
Llama3-Med42-70B_few-shot_None_1,0.6940999999999999,0.6478552095100354,0.6576102379875813,0.651317606797543,0.6984999999999999,0.6546958449091461,0.6619442686482931,0.6575045151458387,0.7125,0.7029549392808918,0.7179051599935048,0.7074648302561802,0.6949999999999998,0.6269823763083748,0.6400368434229624,0.6306108919807244,0.6731999999999999,0.6658327198192923,0.6745232109439958,0.6701112962172285,0.6078,0.579954428468805,0.5853310210684044,0.5884664769664388
meditron-70b_zero-shot_None_0,0.5597,0.548457422225215,0.5664310341854932,0.5551481936935851,0.5625,0.5498508004646401,0.569038586535464,0.560486035766587,0.5958,0.5833090768450027,0.6105740533518107,0.5904427344014946,0.5629,0.5468938205500381,0.5653198874696761,0.5569651331418874,0.5042000000000001,0.4910886136082811,0.5072932402769801,0.5038028016494795,0.3925,0.37479421490467274,0.39112369236322997,0.397509612176255
Llama3-Med42-70B_few-shot-cot_None_1,0.6312000000000001,0.6076617312595219,0.6210228909595873,0.6113219109076554,0.6714999999999999,0.6662740227366549,0.6851586916029094,0.6690204672344926,0.6352,0.5961658180836752,0.6149120348315937,0.5966285700383529,0.634,0.6302788166824675,0.6399143303889063,0.6372549925232993,0.5937,0.5481530671419994,0.56003553815819,0.5538852669314762,0.6150999999999999,0.6077012529577567,0.6572767322818893,0.629296519658025
meditron-7b_few-shot_None_1,,,,,,,,,,,,,,,,,,,,,,,,
Meta-Llama-3-8B-Instruct_few-shot_None_3,0.6413000000000001,0.626732702315427,0.6318652595079635,0.6303724346882088,0.6271999999999999,0.5924162086780835,0.6000359694123463,0.5956696250386249,0.647,0.6381759848709163,0.6456719851424729,0.642345837924147,0.6693999999999999,0.6618941494018246,0.6671476136062701,0.6672092327056991,0.6225999999999999,0.6118879026410962,0.616841504749556,0.6172845075724236,0.6452,0.6155521792810508,0.657264261239111,0.6134519300916075
llama-2-7b-chat-hf_few-shot_sc_5,0.2409,0.09658414491943118,0.060225,,0.21989999999999998,0.08968989224010587,0.054974999999999996,,0.21489999999999995,0.08793631330618559,0.05372499999999999,,0.247,0.09855635239695928,0.06175,,0.2498,0.09953690706720521,0.06245,,0.392,0.14026602558416065,0.098,
Llama-2-7b-hf_zero-shot_None_0,0.41320000000000007,0.39244058917975416,0.44301199709459893,0.4091984654020376,0.43090000000000006,0.3964314689511281,0.4414963290940511,0.4165701712187584,0.4253,0.4047535271738707,0.4530421382840778,0.4152478620361721,0.39659999999999995,0.38491165262713267,0.4513012565533475,0.40327099674936273,0.40920000000000006,0.38220635889060267,0.4241355570033708,0.39287473221255936,0.39020000000000005,0.35062509142017184,0.4524836534791643,0.3857114838244683
Llama3-Med42-8B_few-shot_None_3,0.6406000000000001,0.6344236123302723,0.6428901812234774,0.6394190976957922,0.6208,0.6123802914780809,0.6195522333639039,0.6182579567441039,0.6654000000000001,0.6577860049773391,0.6654994345643065,0.6614860956701304,0.652,0.6465954627421816,0.6548461926956527,0.6513861416751642,0.6053999999999999,0.5939727273386439,0.6049631321747662,0.6002395401984745,0.5574000000000001,0.5448792012581758,0.5698180688084414,0.5566309525059695
Llama3-OpenBioLLM-70B_zero-shot_sc_0,0.7275999999999999,0.7225525343780889,0.727432748919737,0.7259051889424412,0.7426999999999999,0.7349022226298224,0.7386630732690675,0.7393680944168485,0.7031000000000001,0.694100972559958,0.6982947670411922,0.6991546980887894,0.7282000000000001,0.7216285895212421,0.7263697566487608,0.7259031614692872,0.7186000000000002,0.7106458359346688,0.7150382129902304,0.7157526262064376,0.6504000000000001,0.6294491350308699,0.6363945437249157,0.6398968469958596
Meta-Llama-3-8B-Instruct_few-shot_None_1,0.6254,0.6189606135748013,0.6251920770117663,0.6230379113710529,0.6152000000000001,0.6065183121550658,0.613153723757406,0.6104830137928238,0.6249999999999999,0.617880234235759,0.6227396531926691,0.6228253144042079,0.6527,0.6450752184587775,0.655074726813789,0.6505421594413575,0.6038000000000001,0.5941931546644683,0.6002206540104119,0.600342492868766,0.5596,0.5115006584413812,0.5729700868764318,0.5212938441541464
Llama3-Med42-8B_zero-shot_None_0,0.6339,0.6278462274753059,0.6355681465039883,0.6326126177586583,0.6231,0.6113135321534813,0.6194295568961755,0.6176419314321945,0.6349,0.6261375797431649,0.6345173469781474,0.6313414247513333,0.6417999999999999,0.6377115887389357,0.6434744643347807,0.6431045092849854,0.6265,0.6120315687838096,0.6220317116653165,0.6165211106886158,0.5716,0.5332311755688046,0.577339859742667,0.5396054933022836
med42-70b_few-shot_sc_1,0.6607000000000001,0.6540635314702676,0.6622406694011919,0.6592829404588073,0.6846,0.6731701012551867,0.685158292776929,0.6768035038588439,0.6413,0.6335912966157623,0.6415782388416662,0.6386842295812538,0.6683,0.6609868982738663,0.6668777134769005,0.6687512438881188,0.6776000000000001,0.6714517802273938,0.6815057143787975,0.6748251328900017,0.5732,0.581018766866172,0.6395684130320156,0.6057012061309779
Meta-Llama-3-8B-Instruct_zero-shot_None_0,0.6303,0.6248119800180661,0.6312633337361463,0.629477230250781,0.6461999999999999,0.6386537977314056,0.6430554535210493,0.6441419494190409,0.6223000000000001,0.6161056936583912,0.6268846058485635,0.6231035286472051,0.6533,0.6452498403592131,0.6585208216559463,0.6490427761976387,0.5742,0.5677984480079082,0.577004925072318,0.5707449697832011,0.6112,0.5507963475345147,0.5859282856722896,0.559911200718571
MentaLLaMA-chat-13B_few-shot_None_1,0.4578000000000001,0.36069115252941836,0.40548832240968014,0.3673733094361345,0.4871999999999999,0.39272328153466923,0.43009543675613493,0.40231659677710724,0.4556,0.36105533590311945,0.41910072245590047,0.36442868412082746,0.41629999999999995,0.3231867953336296,0.36911851413460117,0.32788408193601354,0.4720000000000001,0.368103761988969,0.42349306163125455,0.37110009210396483,0.43270000000000003,0.29412094756644314,0.29186816264722937,0.3278646532253924
counselingQA-gpt4o_zero-shot_None_0,0.7711,0.7676267769465659,0.7711414407895321,0.7715623018223053,0.8057999999999998,0.8003352830789868,0.8050639533238255,0.8032374616072794,0.7498999999999999,0.7417615193082467,0.7494399247284808,0.7457810217120577,0.7698999999999999,0.7654493589967892,0.7703390981210948,0.7687521719860296,0.7522,0.7468338065263593,0.7507611785342028,0.7529388024761136,0.5989,0.6040216572070994,0.6612586469065752,0.6391938361869296
Asclepius-Llama3-8B_few-shot_None_1,0.36150000000000004,0.3534975871924789,0.3642232931680608,0.3623920073031784,0.3348,0.322634442592046,0.32748208571902765,0.3304386248588913,0.3874,0.3796316102735912,0.40604433026616704,0.39549793574203795,0.37839999999999996,0.37191683708364415,0.39156502224882234,0.3829434561250734,0.30310000000000004,0.29916662704917846,0.3108760568975378,0.3046058100137757,0.39359999999999995,0.3912514799347555,0.41547239705742567,0.4336692310545577
Meta-Llama-3-8B-Instruct_zero-shot_sc_0,0.6361,0.6298837945723961,0.6363049117647608,0.634876267904541,0.6416,0.6328057775017245,0.6369528511204868,0.6383727084545342,0.6127999999999999,0.6034294701635236,0.6108170552464126,0.6110728167795911,0.6714999999999999,0.6656401199239013,0.6781287140565466,0.6707172367473377,0.597,0.5905976862811717,0.5951719518512055,0.5953080384449195,0.6143000000000001,0.5494465715497546,0.5898804916826115,0.5577168670784635
medalpaca-13b_few-shot_None_5,0.25210000000000005,0.2390696823789577,0.245172931059971,0.24846341924010748,0.2741,0.26065321536743813,0.27951603436687056,0.27104250260612356,0.24100000000000002,0.21969790180099427,0.22247240034450028,0.23148484802845765,0.242,0.22740141127124125,0.22996159471962063,0.23729577428539442,0.2354,0.22882069548362122,0.23481520837084982,0.23438579715306077,0.4371,0.44872715701569843,0.4729409596225868,0.46179157941399923
Asclepius-Llama3-8B_few-shot_sc_1,0.374,0.3661700612501164,0.3822282845418995,0.37757148142970215,0.40190000000000003,0.3846877440820598,0.392337081864752,0.3926384594658032,0.35109999999999997,0.34548834698914405,0.36666264698917445,0.35292064284584734,0.3721999999999999,0.36622491451081485,0.39725751072623905,0.3775161731153577,0.37910000000000005,0.3734819319334575,0.38912366437383383,0.38161530295366547,0.4375,0.41971645981662953,0.552102928383292,0.46341810710299947
meditron-7b_zero-shot_sc_0,0.28919999999999996,0.24126907931379954,0.3005239412651133,0.2916167151415719,0.2657,0.21162990695156864,0.22269925394410323,0.2609486670181907,0.3058,0.2592997920913204,0.3534006084667277,0.31369262540842524,0.2923,0.24438316028425966,0.33095879430573005,0.29010678611739976,0.3158000000000001,0.2770844881850704,0.3583302963775457,0.32267417248232344,0.3121,0.2864908072751105,0.2704546367876658,0.395678683718215
MentaLLaMA-chat-13B_few-shot_None_5,0.2397,0.11176068627143218,0.13296734038832742,0.249201092621463,0.2119,0.09974922235209961,0.11488049737018695,0.2436677424085003,0.2262,0.10287099536661792,0.10944990408746079,0.251201269836317,0.2554,0.11763898904123021,0.14037586531599883,0.25119937167208806,0.24770000000000003,0.1092866454407793,0.1157353262771853,0.24914918696012317,0.34679999999999994,0.1281062896545439,0.09044285701561317,0.22273168051776057
Asclepius-7B_few-shot_sc_5,0.23790000000000003,0.09573945826238292,0.05947500000000001,,0.21179999999999996,0.08700026195444624,0.05294999999999999,,0.21140000000000003,0.08678475638555463,0.05285000000000001,,0.25249999999999995,0.1002878766771008,0.06312499999999999,,0.24590000000000004,0.09825581358382625,0.06147500000000001,,0.3969999999999999,0.14169615995599177,0.09924999999999998,
BioMedGPT-LM-7B_few-shot_None_1,0.31670000000000004,0.2527148382695704,0.27056058888517975,0.25217884287224324,0.34019999999999995,0.27446938276618393,0.28945566293018943,0.27477138505631066,0.2669,0.21080492987070695,0.22209237496238068,0.2117236389243092,0.2836,0.22602192380018457,0.24774719616189445,0.2281014709798106,0.33819999999999995,0.2660898141028512,0.28418177573882464,0.2643923812390197,0.4339,0.312946345790423,0.3895359687417151,0.34712710497450006
Meta-Llama-3-8B-Instruct_few-shot_sc_5,0.24629999999999996,0.09842436713947561,0.06157499999999999,,0.22039999999999998,0.08978868789817333,0.055099999999999996,,0.21950000000000003,0.08958211486214722,0.05487500000000001,,0.24830000000000002,0.09889853009728349,0.062075000000000005,,0.24229999999999996,0.0968412493249399,0.06057499999999999,,0.3843000000000001,0.13834569529922291,0.09607500000000002,
ClinicalCamel-70B_few-shot_sc_3,0.6986999999999999,0.6931733095955266,0.6985810948392888,0.6978740502772449,0.7238,0.7135513120775037,0.7180867348241118,0.7174939841842037,0.6852999999999999,0.6767425028912332,0.6878330135453524,0.6835131511054046,0.6879,0.6826473490657237,0.69153060846481,0.688060469271508,0.6924000000000001,0.6860290436951386,0.6933011349818774,0.6903981922478301,0.5693,0.572087097141238,0.6117413950558221,0.6369864009642152
Llama-2-13b-hf_zero-shot_sc_0,0.4429,0.43753321873337614,0.4756277091180515,0.44710955094827015,0.45690000000000003,0.4552029401051829,0.4915356658664911,0.45914621830809,0.44920000000000004,0.44405283350472646,0.48080767423279697,0.4573574909831827,0.4341,0.42514618307574814,0.46502849974092136,0.43505647956166554,0.4325,0.41770784837817176,0.4544281490893731,0.4312808459215393,0.5307,0.4535014735252082,0.4606971238118009,0.46191992019443157
Llama3-OpenBioLLM-8B_zero-shot_None_0,0.5612,0.555168939597381,0.5617671852290428,0.5603363247600495,0.5558,0.5478046500641307,0.5553327888056981,0.5530918598880824,0.6187999999999999,0.6129314068810572,0.6200217189614569,0.6208573877631443,0.5649000000000001,0.5579060576312624,0.5653495312013971,0.5658209252292175,0.5262,0.5187756152187855,0.5247383454482266,0.524090509632841,0.4251,0.42349973914466105,0.47162699996213836,0.4459583257538617
Llama-2-70b-hf_zero-shot_sc_0,0.5795,0.5674186528647845,0.5797841508389068,0.5741981206847433,0.5744,0.5557049401196167,0.5661633297504046,0.5661029364987564,0.6104,0.5980008113016756,0.6173537513469818,0.6067125276679185,0.5710000000000001,0.5580136082815437,0.5676627421781163,0.5663009086053215,0.5461,0.5321103566926066,0.5396075153772908,0.5415639173466262,0.4305999999999999,0.41345167781819114,0.46664977061080065,0.4426451940102262
llama-2-7b-chat-hf_zero-shot_None_0,0.4383000000000001,0.4155037063341409,0.47638289354884444,0.43055120123584184,0.4463,0.41350686301519113,0.46780845149106703,0.4372076167126796,0.48220000000000013,0.46098043841991776,0.5260285655743958,0.46929556344171636,0.4147999999999999,0.3922376479207841,0.4630004074077394,0.40808114155975717,0.42100000000000004,0.4012360768852479,0.4547580857618868,0.4115610019312964,0.21389999999999998,0.17068767433618626,0.2202143385461956,0.2231025512595613
Llama-2-13b-chat-hf_few-shot-cot_None_3,0.3122,0.23782142740457982,0.3611177452969086,0.27614669749631426,0.30949999999999994,0.24039129289455918,0.38506795803268096,0.2830278957079733,0.3337,0.2579022887844167,0.3777257166179025,0.2890291684480889,0.307,0.2326697238671526,0.35425834404863926,0.27076094615309926,0.30979999999999996,0.22672929524275895,0.3459313435601377,0.26690499448164035,0.12440000000000001,0.10845688719771916,0.14615709719127304,0.1691463893124113
Meta-Llama-3-70B-Instruct_few-shot-cot_None_3,0.6649,0.575201870034732,0.5861572418460873,0.5775048397617857,0.6762,0.5602257694427243,0.5744102333530876,0.5596253039948035,0.6489,0.5340730372804064,0.5546150800208483,0.5359251606693446,0.6759999999999999,0.5903566138877617,0.5986606397931079,0.5931655793870594,0.6714,0.5951371873452278,0.6056754246759698,0.5987418021494899,0.6077,0.6003679613559616,0.646499453656945,0.6595355178668045
Asclepius-7B_few-shot_None_1,0.22719999999999999,0.10948751133210083,0.17258062500620863,0.18971715678961298,0.25500000000000006,0.1258590811861085,0.19010301140244695,0.20099525303924387,0.255,0.13121384848243525,0.25899001614215406,0.21417484077782903,0.21539999999999995,0.09798566862617167,0.14707446505657368,0.17871878437362343,0.18129999999999996,0.08927925830962816,0.11183373951719089,0.1639552592540642,0.08929999999999998,0.06200568580367012,0.20961447674790634,0.07306347769554007
Llama-2-13b-chat-hf_few-shot_sc_5,0.2364,0.09515338692371905,0.0591,,0.22010000000000005,0.08970934861716516,0.05502500000000001,,0.22270000000000004,0.09059486045035191,0.05567500000000001,,0.2551,0.10117205816468523,0.063775,,0.23810000000000003,0.09566815037589799,0.05952500000000001,,0.3893,0.13968950824034476,0.097325,
BioMedGPT-LM-7B_zero-shot_None_0,0.40700000000000003,0.3727604468636108,0.45884316706634826,0.40295394402057155,0.42829999999999996,0.3783164662931192,0.45883124885520515,0.40974201332390925,0.43310000000000004,0.4057144420001504,0.5199520340811659,0.41886442516648015,0.3729,0.34911761804954117,0.4347029133711733,0.3867560188772901,0.42640000000000006,0.38210670552945586,0.451501190636624,0.4037125480384801,0.47539999999999993,0.4461088242773282,0.7124447150923673,0.5109943633829154
Asclepius-Llama3-8B_few-shot_sc_5,0.23540000000000003,0.09482834309586394,0.05888333333333334,0.2493345023535241,0.2161,0.0884386135753036,0.054025,,0.22080000000000002,0.0899447462015463,0.055200000000000006,,0.2553,0.10123414916125764,0.0638987579880437,0.2489999118320384,0.2412,0.09669402516272306,0.0603,,0.38470000000000015,0.13863750153272644,0.09617500000000004,
Meta-Llama-3-70B-Instruct_few-shot-cot_None_1,0.7056,0.6738978370242177,0.6813585880184797,0.6785440549704568,0.7337000000000002,0.6682232711931619,0.6803234328991487,0.6697229932964894,0.6936999999999999,0.6861807974706906,0.693854662464072,0.6917519551803087,0.7182000000000001,0.6857866208376028,0.6898901643583435,0.6902722691349835,0.6619000000000002,0.6531008887313152,0.6615836633885388,0.6588797204575271,0.6192000000000001,0.6169685052369646,0.6583341339060305,0.6708266460030454
llama-2-7b-chat-hf_few-shot-cot_None_3,0.3831000000000001,0.2966421790594158,0.3382530236110975,0.31300820599187007,0.35919999999999996,0.28397654138581213,0.33002058418667274,0.2935514572685977,0.3814,0.2956490354621052,0.34059892816625914,0.3132415313468549,0.39010000000000006,0.29516109146980357,0.3489319005376705,0.31751174517725056,0.3857,0.2998818069835404,0.3353103099402373,0.31555118329935544,0.13010000000000002,0.08168153996954099,0.05708675970382602,0.14832987094594866
Llama-2-7b-hf_few-shot_sc_5,0.2341,0.10107877020044816,0.11771038339569245,0.24686538683507653,0.2143,0.09473444819904078,0.10671110955961836,0.24841768255589503,0.2011,0.09105509103121809,0.09662727084075279,0.23122331458693246,0.2468,0.1040413887632855,0.11600412332754835,0.25121148825020845,0.24180000000000004,0.10532080108191223,0.09967310824834284,0.2501839443424149,0.3990000000000001,0.14216869786147393,0.09975000000000002,
Llama-2-70b-hf_few-shot-cot_None_3,0.21230000000000002,0.10896809333889694,0.20150358761413759,0.17176820168642704,0.23310000000000003,0.1156534798581345,0.22286400441141066,0.17863549632182324,0.18040000000000003,0.08746108580969628,0.164779103661237,0.15561397334791338,0.20920000000000002,0.10834211247150712,0.22480799288472375,0.17385526018914277,0.1763,0.09508551752130302,0.15778807703647682,0.15614372853153213,0.21780000000000002,0.13742726588136925,0.2427523547473904,0.23981838148971676
meditron-7b_few-shot-cot_None_3,0.0692,0.05883325011111398,0.0952602537736114,0.057449427403640854,0.0868,0.06537739664474604,0.06604446492920828,0.06619212615357173,0.053200000000000004,0.04826165318217353,0.055181250138419104,0.044225130617142304,0.0656,0.057667825782790054,0.09919371664920586,0.05586055910363878,0.040299999999999996,0.03663797963720532,0.038258271203962135,0.036171210020300215,0.0876,0.08071426088657616,0.06847843846541445,0.1023110091752784
counselingQA-gpt4o_few-shot_None_3,0.7252,0.7217889131579449,0.7391527112088582,0.725065237856879,0.7437999999999999,0.7367117861485333,0.771297457768593,0.7361977726375616,0.7404000000000001,0.734792146138024,0.7427505250032475,0.7374686460078683,0.7275000000000001,0.7266536007971152,0.7411120761295578,0.7320453405360631,0.7143999999999999,0.7099350863655671,0.723332521389093,0.7174523834013778,0.6041000000000001,0.6048410016726286,0.6608265868821829,0.6431629111052599
BioMedGPT-LM-7B_few-shot_None_5,0.24660000000000004,0.20924811671868868,0.24081715080426896,0.25092740286434206,0.2582,0.2297654350332534,0.27876153198385323,0.2701867868238448,0.25860000000000005,0.22104196943133927,0.2717306604932638,0.2703264380733982,0.24610000000000007,0.1988139001650764,0.22535610565899208,0.24312753321442446,0.2137,0.17538791979195473,0.18700592574920713,0.21637321377691904,0.2643,0.17645110627910562,0.31971881083819303,0.18857509056252686
meditron-7b_few-shot_None_3,0.2431,0.20764535801773026,0.23611017635452206,0.19310874380425883,0.2696,0.21468957556958868,0.2314660956303955,0.21086645086030806,0.21849999999999997,0.1937344266564909,0.22809045851408793,0.17387893793174192,0.21840000000000004,0.187465302822151,0.21551260738103561,0.17467533357664147,0.24880000000000002,0.21333604250356317,0.24626319827771354,0.19612850742311566,0.2589,0.19539148528560346,0.25833124741645075,0.16606214944782835
Llama-2-13b-hf_few-shot-cot_None_3,0.20790000000000003,0.09157734140791064,0.17452021904466516,0.1667616363362023,0.23110000000000003,0.09557738307156209,0.17346551805899615,0.180056313963605,0.20470000000000002,0.09370274939833513,0.24734718417273388,0.17427205621544462,0.1956,0.08216770390886112,0.1164949011035698,0.16233698055420032,0.14379999999999998,0.06549531000969204,0.10399078543224118,0.1318212360096748,0.0874,0.040074578203419496,0.02524945519067785,0.10138584574972447
Llama3-OpenBioLLM-70B_few-shot_sc_1,0.7280999999999999,0.7232551639621383,0.7286186157561019,0.7274372312742237,0.7460000000000002,0.7368553069156547,0.7417315267041773,0.7414458913769622,0.7187,0.7083645118151749,0.7167651138305449,0.7125620842789728,0.7313,0.7255141066892224,0.7316142191409787,0.729947629619938,0.7152000000000001,0.7089444577735583,0.7138396839765617,0.7125758753264223,0.6563000000000001,0.629179782559,0.6340308960366826,0.6468987366959038
meditron-7b_few-shot_None_5,0.2425,0.22783408958801704,0.24383638669073032,0.2442334760196223,0.2516,0.24229713497581717,0.2702737444037535,0.256290794938508,0.2728,0.2523950916920371,0.27085118687175563,0.2771644836281706,0.21779999999999997,0.20491522919298036,0.21637451140401864,0.2173575982031639,0.233,0.2146554449296059,0.22085507750473657,0.23294655197125327,0.39289999999999997,0.35722558092258766,0.35599736934901993,0.36762471255980456
Llama3-Med42-8B_zero-shot_sc_0,0.6295999999999999,0.6245096696406438,0.6329084255826676,0.6289667519298795,0.6403,0.6299234678171097,0.6357920309271567,0.6345115908958774,0.6576000000000001,0.6497085930485516,0.6612147777592798,0.6547151726488886,0.6351,0.630429180210934,0.6389138513747731,0.6359929463225806,0.6122000000000001,0.5966605732556938,0.6063990480949611,0.6021726774669927,0.6057999999999999,0.5858728036510762,0.6191464846734781,0.5890685565549787
Llama-2-13b-hf_few-shot-cot_None_1,0.2115,0.07737810999999593,0.08526152827046256,0.17570619030968238,0.2477,0.0901243999023954,0.11936936247052488,0.1911537445412363,0.19409999999999997,0.07429527802024148,0.0872735611704262,0.16481238758158206,0.22060000000000002,0.08186291350022369,0.10379436806351997,0.1824012412491725,0.16799999999999998,0.061126390485385165,0.03817495182153911,0.15800164954314927,0.1297,0.05177638855478162,0.03144914482002139,0.15131432918997664
Llama-2-7b-hf_few-shot_sc_1,0.3656999999999999,0.3579049417428859,0.3667856608527831,0.36374474807636664,0.3522,0.33869761665176307,0.3459487415133906,0.34609631553890774,0.336,0.3248929357997305,0.3350913740678966,0.32930626353708226,0.36269999999999997,0.3554717007754985,0.37004224299487276,0.36466100988250344,0.36099999999999993,0.35238896384491253,0.3589469179784931,0.3566435125485989,0.46860000000000007,0.4708155218804871,0.5677017564775164,0.499720245413404
ClinicalCamel-70B_zero-shot_sc_0,0.6712,0.6664483796427687,0.6733450536635543,0.6705652578190994,0.7080000000000001,0.6996649863149464,0.7044166170933002,0.7045402766079198,0.6544000000000001,0.6428796744818008,0.6606327894472973,0.6517997105052687,0.6528000000000002,0.6451183541153527,0.6514658709764902,0.6482767365578943,0.6776000000000001,0.673347783783442,0.6792024563984019,0.6786266210046983,0.6529,0.6473847521401653,0.6472649281267044,0.6883431070377981
Meta-Llama-3-70B-Instruct_zero-shot_None_0,0.7166,0.7031603041573288,0.7109062555430283,0.7068313224188116,0.7319999999999999,0.7249827528456884,0.7295738089543703,0.7292164023606876,0.6875,0.6390545660075693,0.6488790833830587,0.6424329267647617,0.7370000000000002,0.7292616366057567,0.7392505275273018,0.7350868838031442,0.7024999999999999,0.6939699749237943,0.7013174501662536,0.6956760401153557,0.6596000000000001,0.6420015372383396,0.6456562580690869,0.6607549262176926
Llama3-Med42-8B_few-shot_None_1,0.6282000000000001,0.6219952548701497,0.6299073942993395,0.6258122276730923,0.6256,0.6169086289412546,0.6227580813505639,0.6216920545470999,0.6474,0.6429081382368129,0.649668224260476,0.6469389830411901,0.6391,0.63452912127836,0.6431800795052729,0.6393907790190139,0.6241,0.6131480055334455,0.6233199297351485,0.618559122361518,0.5278,0.49127336126830656,0.5196597281212593,0.5080522570950589
Llama-2-13b-hf_zero-shot_None_0,0.4587,0.4517957206415603,0.4849814973176613,0.46199570156665976,0.4759,0.4734429530203258,0.5121236340597267,0.4795859671925202,0.4721000000000001,0.4634357789598038,0.501841523321208,0.47799148907419214,0.43660000000000004,0.4273017840929516,0.4608880546465609,0.4402213473882746,0.4387,0.4298323056958516,0.4711558906207492,0.4341273167881458,0.5676,0.48404556810433896,0.48728032497320295,0.51840170041397
Llama-2-13b-chat-hf_zero-shot_None_0,0.5257999999999999,0.5089904603906862,0.5589376606332918,0.5245931214750418,0.5226000000000002,0.5068755532019804,0.5518617825798493,0.5207969952014195,0.5386,0.5134043517325697,0.555878994726936,0.5285047759900613,0.5152,0.49290486203095407,0.5530604429290016,0.5100713573635343,0.5346,0.509418402585984,0.5853713327980029,0.5184105170316036,0.4766,0.3847982860904736,0.369779709633108,0.43711249978407596
Asclepius-13B_zero-shot_sc_0,0.38139999999999985,0.36583824634025625,0.4214887845471108,0.38622538366422987,0.32669999999999993,0.3173593426735477,0.39394516379138045,0.3400657593028857,0.38020000000000004,0.3668891638210864,0.4412135602030503,0.3930378561630294,0.4206,0.3937725761117783,0.43540280846668156,0.411007813316812,0.4029999999999999,0.3989320865139958,0.46287949582949117,0.41284615741738084,0.5262,0.4531399566252922,0.5916524620907793,0.4845365762242345
medalpaca-13b_few-shot-cot_None_3,0.0733,0.07921030012644499,0.22876786828044604,0.05955922574123127,0.0975,0.10760180434581935,0.30475895515085516,0.07790556634335914,0.047700000000000006,0.055586216722133645,0.15632675421637932,0.04082473032795767,0.0674,0.06604144255219577,0.16470835816989574,0.05631337899778291,0.049,0.05677915089856207,0.21130815629988534,0.04174408117992448,0.08670000000000001,0.09829243686338157,0.14104574363337566,0.08815590583092582
medalpaca-13b_few-shot_sc_1,0.2351,0.09474580224373629,0.058775,,0.26270000000000004,0.10364614680452312,0.06567500000000001,,0.2314,0.0934575316358907,0.05785,,0.24760000000000001,0.09881248076247509,0.061900000000000004,,0.22099999999999997,0.09003908509543253,0.055249999999999994,,0.1736,0.07353974992315075,0.0434,
med42-70b_few-shot_None_5,0.23800000000000002,0.0957418154980913,0.059500000000000004,,0.2164,0.08846606604343123,0.0541,,0.21660000000000004,0.0885359949528504,0.05415000000000001,,0.25089999999999996,0.09979561850741776,0.06272499999999999,,0.23450000000000004,0.09458160205604886,0.05862500000000001,,0.39050000000000007,0.1400226791287697,0.09762500000000002,
MentaLLaMA-chat-13B_zero-shot_sc_0,0.4653,0.44635309765551834,0.5195661841125687,0.46578875559981836,0.46830000000000005,0.45660973951401657,0.5221407456577228,0.4779048275638478,0.47559999999999997,0.4637824597962863,0.5487152600548294,0.47452496525170385,0.4733,0.4420018860254977,0.5087232114073601,0.4664852620896331,0.43999999999999995,0.40781079895451017,0.4687140357158129,0.4294166147386635,0.5231999999999999,0.49402266667817196,0.6382103251060893,0.5002636633985178
Llama-2-13b-chat-hf_few-shot_None_1,0.4968,0.39604536988049455,0.4325336583590055,0.397649058360202,0.5243,0.42659509665977546,0.4579838217278289,0.428785485825363,0.5330999999999999,0.4228646299078615,0.46159380777141545,0.4204894826881443,0.47789999999999994,0.37708663429588735,0.4242714769404281,0.3796912688718437,0.48960000000000004,0.3831099754669512,0.4208785791124785,0.3854640152963886,0.3885,0.2654694582858751,0.26798572796278214,0.30220630462407505
medalpaca-13b_few-shot_None_1,,,,,,,,,,,,,,,,,,,,,,,,
Llama3-OpenBioLLM-8B_few-shot_sc_5,0.23689999999999997,0.09520712698190625,0.05922499999999999,,0.22,0.08983157659671441,0.055,,0.22279999999999997,0.09067909459438749,0.05569999999999999,,0.25360000000000005,0.10069582896460813,0.06340000000000001,,0.24000000000000005,0.09629381154208792,0.06000000000000001,,0.39459999999999995,0.1411069155737076,0.09864999999999999,
ClinicalCamel-70B_few-shot_None_1,0.627,0.5077447658336925,0.5259823473167488,0.5014558557622092,0.6546000000000001,0.5336572394992353,0.5458993139706154,0.5313817139750303,0.6052000000000001,0.4879937691543415,0.5104435836693325,0.4827934116782291,0.5881000000000001,0.47891885460720374,0.49713809658839864,0.4720178715932961,0.6322000000000001,0.5122962478726732,0.5332334696218773,0.5037804871620613,0.5643,0.46104653709958965,0.5194340206925133,0.4508790002762976
Llama-2-70b-chat-hf_few-shot_sc_1,0.6184999999999999,0.6097107150434218,0.6175853958637665,0.6172040917373505,0.635,0.6262047199451259,0.6328601788046938,0.6311155872705727,0.5836,0.5678589998509703,0.5811309329631559,0.5766694946923279,0.6051000000000001,0.5959557255600759,0.6037141967485858,0.6047897470535287,0.6423000000000001,0.6307231667579287,0.6375974136738327,0.6362384209917303,0.4736,0.48130047541420073,0.5385937043189398,0.5043551179663497
med42-70b_few-shot_sc_5,0.2385,0.09569653456658524,0.059625,,0.21910000000000004,0.08942993066221322,0.05477500000000001,,0.2237,0.09088763072581627,0.055925,,0.25830000000000003,0.10210736419102746,0.06457500000000001,,0.2449,0.09785622551779838,0.061225,,0.39219999999999994,0.14035814155944248,0.09804999999999998,
medalpaca-13b_zero-shot_sc_0,0.2923,0.26919270473515594,0.2942987751021676,0.28464901019598865,0.2565,0.22647484373725407,0.2500646430407575,0.2585802988889062,0.319,0.30396858141914357,0.3362557967971569,0.318932831482151,0.2955,0.27629981005288473,0.3063140761782505,0.2880503318131647,0.32089999999999996,0.3059060039653332,0.336054725053203,0.32082740508434326,0.3035,0.2958107047865218,0.37086122760239937,0.33349818116064006
Llama-2-70b-chat-hf_few-shot_None_5,0.23280000000000003,0.09395029607662536,0.05820000000000001,,0.2084,0.08583753990292484,0.0521,,0.22799999999999998,0.09234768257330943,0.056999999999999995,,0.2504,0.09963309653623156,0.0626,,0.24029999999999999,0.09644018377189316,0.060074999999999996,,0.38280000000000003,0.1379738317444174,0.09570000000000001,
Meta-Llama-3-70B-Instruct_few-shot_None_3,0.7339,0.7292722026941121,0.7344770370589749,0.7337968039800633,0.7458,0.7356295178826884,0.7401878322450459,0.7410513760761875,0.7214999999999999,0.7131576669500186,0.7240045583924936,0.7184847012449748,0.7389999999999999,0.7321948145671948,0.740622988124251,0.737479009239177,0.7006000000000001,0.694122303182647,0.7003692935026149,0.6978335080968308,0.696,0.6814184422468114,0.6915512480036784,0.715843346074288
medalpaca-7b_few-shot-cot_None_1,,,,,,,,,,,,,,,,,,,,,,,,
med42-70b_zero-shot_None_0,0.6840999999999999,0.6792289933939704,0.6865018069540977,0.6827199975092699,0.6695,0.6613597292111675,0.6748012774657307,0.6660870130858142,0.7023999999999999,0.6961928850430066,0.7033060640746719,0.7001260299269236,0.6955,0.6905760368508749,0.6971038654156458,0.6958299509001571,0.6821000000000003,0.6764725929235221,0.687882776667076,0.6808556376094498,0.513,0.5122579635182835,0.5435833545918103,0.5614385144858088
med42-70b_zero-shot_sc_0,0.6805,0.6730157363272674,0.680051856824898,0.6775218646102439,0.6864000000000001,0.6758147111048045,0.6866864780505185,0.6810518868515579,0.6868,0.6819519317291821,0.6910894940323322,0.6846931125241071,0.6869999999999998,0.6817980467295088,0.6897003274500757,0.686482718712756,0.6570000000000001,0.649816896281484,0.6618201706243686,0.6544980612720832,0.4852,0.4837478359336786,0.5247792108225642,0.5158017881091871
Mistral-7B-Instruct-v0.3_zero-shot_None_0,0.5880000000000001,0.5814684408168368,0.5914731208709655,0.5878566882842665,0.6179,0.6108989660555605,0.6168805515484308,0.6171198942652175,0.5943,0.5872111668126541,0.5975518930121417,0.5937875026695825,0.5666,0.5567200854498312,0.5738833207887073,0.5675941682790356,0.5763,0.5666226871422737,0.5800184340957723,0.5705885566435496,0.6472,0.6234341007075904,0.6483327469354094,0.6284643651433933
Llama-2-70b-chat-hf_few-shot_sc_5,0.23600000000000002,0.09492719568106872,0.059000000000000004,,0.21549999999999997,0.08817591227993199,0.05387499999999999,,0.2285,0.09248220590893055,0.057125,,0.25579999999999997,0.10134519348992428,0.06394999999999999,,0.23850000000000005,0.09587136989880767,0.05962500000000001,,0.38669999999999993,0.13900968139263098,0.09667499999999998,
Llama-2-13b-hf_few-shot_None_5,0.23690000000000005,0.21684459294337866,0.2312658693167516,0.23311444829247843,0.25420000000000004,0.23751292511670116,0.26451028501849616,0.25367601654247546,0.28200000000000003,0.26023012158855957,0.27878444076038145,0.2801931897252726,0.1943,0.1814164583666057,0.19272399239487165,0.19906728896940454,0.2248,0.20897792804775953,0.2174272284148493,0.22060840260987277,0.5174,0.46395439040593117,0.45954524298142535,0.514078664003302
MentaLLaMA-chat-13B_few-shot-cot_None_1,0.38060000000000005,0.31187292400922617,0.34176286085073854,0.3051868329676251,0.40370000000000006,0.3159900169841888,0.34948027057350584,0.31931017292565833,0.37610000000000005,0.31309932312855504,0.3477088921772703,0.30519105073814495,0.3614,0.29595877571982565,0.3222423508381436,0.28671120715984727,0.40079999999999993,0.33353010674262606,0.37744354909282285,0.32433658618224415,0.3118,0.22109181254252896,0.22832457474937068,0.23636651690611313
llama-2-7b-chat-hf_few-shot_None_5,0.24589999999999995,0.09831328118055387,0.06147499999999999,,0.21889999999999998,0.08933817641200918,0.054724999999999996,,0.2213,0.09015454410282052,0.055325,,0.25170000000000003,0.10014981744071717,0.06292500000000001,,0.24100000000000002,0.09670642753167595,0.060250000000000005,,0.3872,0.13917785491877038,0.0968,
Asclepius-Llama3-8B_few-shot_None_3,0.3610999999999999,0.34793793789354566,0.3750335225451478,0.3619772487032131,0.3671999999999999,0.3450738637357233,0.3594307764748411,0.3589193595415092,0.39370000000000005,0.3775331637092052,0.4260306128238243,0.4007060247923443,0.375,0.3695611497966266,0.40305952065297085,0.3841547756299741,0.30140000000000006,0.2897608218181947,0.3233837317902223,0.3040429852509369,0.3903999999999999,0.3969290644198174,0.4587821320943652,0.4314130484899023
Asclepius-13B_few-shot-cot_None_3,0.2519,0.1304703418413813,0.26835650699339786,0.22107293794969432,0.25939999999999996,0.1416698418259633,0.26035773687027636,0.23709915676693138,0.247,0.1328322660512204,0.31856941090243307,0.2202865015291654,0.27720000000000006,0.15061832549438964,0.28451918342885496,0.22823474464795226,0.22169999999999998,0.1022750129791677,0.22474587544248462,0.1978686644939396,0.1802,0.14541626110496833,0.28670672984549617,0.24078254832912993
ClinicalCamel-70B_few-shot_None_5,0.2462,0.1690899074201363,0.19431702056900907,0.2554554488960161,0.23470000000000005,0.17026416599817082,0.1823206620076129,0.2625127821285477,0.243,0.1653791867291284,0.19883042319926197,0.2634784767275467,0.25710000000000005,0.1731104540297952,0.19671688865607473,0.2522325737001215,0.24400000000000005,0.15495189522615807,0.1725568107385398,0.24798245988172474,0.2634,0.17103840627485797,0.318435679468847,0.1877286518955193
Llama3-OpenBioLLM-70B_few-shot_None_1,0.7222,0.7166015578213069,0.724310055569034,0.7197200652413857,0.7075000000000001,0.6990128534052334,0.7043412556728346,0.7043829654553977,0.7121,0.7063179390806116,0.7161998048151439,0.7084794657888013,0.7105999999999999,0.7040991378050606,0.7129381705128227,0.7082849320129441,0.7161000000000002,0.7114194159320675,0.7170301388421885,0.7160732465434648,0.5639000000000001,0.5555146564954184,0.6086750783334605,0.5636325209281899
Llama3-OpenBioLLM-8B_few-shot_sc_1,0.5884,0.5816990925623113,0.5884863926321325,0.585897520677451,0.5931000000000001,0.5821152943954919,0.5906716118527329,0.5869660631369236,0.6144,0.607980419600674,0.6137978582387904,0.6138936283774794,0.5944999999999999,0.5871709533370411,0.5945335348997695,0.5930558804566465,0.5681,0.5601174002243904,0.566625297900446,0.5651730694700544,0.4294,0.42753034391975553,0.4500868868167532,0.4498170270141796
Llama-2-13b-chat-hf_few-shot-cot_None_1,0.2626,0.15356915743002517,0.3310555793337231,0.21114477566504963,0.2831,0.1632544583412683,0.33351216689646124,0.2235450710915105,0.2801,0.17981222568361332,0.3749418988057047,0.23119806420778946,0.2576,0.15919342124972372,0.31433685218846275,0.21046136817073638,0.20479999999999998,0.11323327323704341,0.2674688991434984,0.17930299707222347,0.13170000000000004,0.07637178679298139,0.1251512040603265,0.12122066673348454
Asclepius-7B_few-shot_None_3,0.22910000000000003,0.19190560990766756,0.232575944445819,0.18381548319471933,0.22349999999999995,0.18000695209508774,0.2074241211467345,0.18057207470207698,0.21850000000000003,0.18886962690799547,0.23749102737630157,0.17397770657281206,0.22200000000000006,0.18602939728900555,0.22577642355563757,0.1801761555156436,0.2557,0.20960011695606848,0.2618261986932268,0.19933977991433627,0.2618,0.1781392029697528,0.2009361058940254,0.1696397895646319
Asclepius-Llama3-8B_zero-shot_None_0,0.3423999999999999,0.3297927930862253,0.3632464715075446,0.34815726029540434,0.3408,0.3196593253780738,0.34020504623817344,0.3418013661754171,0.3604,0.34666650985096886,0.42043659670957695,0.37052417380797126,0.36499999999999994,0.35373878166497263,0.3850848227345914,0.37209067765507975,0.2974,0.2864177957585564,0.32039147479265323,0.3027747593129635,0.3036,0.2969399870184637,0.3652851260246149,0.3324393663206904
Asclepius-Llama3-8B_zero-shot_sc_0,0.3566,0.33856636564698045,0.39743952536466426,0.363374252826439,0.3796,0.3550732685939563,0.3938201630746736,0.38548934560457837,0.3057,0.28555541234062787,0.36340862241600114,0.3185424836983036,0.3777000000000001,0.3609678952744025,0.4313213714294971,0.3865556581785093,0.3725,0.35590515210110885,0.39496182426345117,0.3765387697809798,0.3524999999999999,0.34655847701731246,0.4964284413926477,0.3626235337693864
counselingQA-gpt4o_few-shot-cot_None_3,0.7702,0.7307626487243867,0.7373509337918556,0.7324894070383856,0.8035999999999999,0.7978683200858263,0.8046853404659885,0.7999357395907274,0.7407,0.7308910171491307,0.7367917867290577,0.7368202600040361,0.7792,0.7187885935999041,0.7265331328508583,0.7226966147096937,0.7476,0.701517372937555,0.706459622053298,0.7043684247582981,0.6499999999999999,0.6336985218030154,0.6691936253504862,0.6504574450834428
counselingQA-gpt4o_few-shot-cot_None_1,0.7000000000000002,0.676239165826835,0.6861396209903498,0.680162350152341,0.737,0.7314241391546668,0.7467922972606528,0.7341164976648283,0.6970000000000001,0.6915352708249523,0.6984335022195883,0.696161970556325,0.7102,0.6751132356412213,0.681362311970592,0.6807180831132683,0.6731999999999998,0.6679503483461525,0.6800869391273626,0.6749135942048318,0.6990000000000001,0.6958881511739662,0.7220689411612686,0.7420649278816777
medalpaca-7b_few-shot-cot_None_3,0.06979999999999999,0.07678657454070287,0.19505354407088152,0.05885403467154009,0.09999999999999998,0.09934712672172433,0.1916822345494562,0.07721077057687624,0.05980000000000002,0.06823645599625752,0.1751087488534857,0.05042417627635388,0.066,0.06927536552626896,0.16558899080197706,0.05300345167467758,0.07,0.0835359664459829,0.26372457887829404,0.0592892260204494,0.1337,0.1451757400802095,0.26811822637952787,0.14203555061848325
Llama3-OpenBioLLM-70B_few-shot-cot_None_3,0.6823,0.6776317255881987,0.6866849891758765,0.6842187527419532,0.694,0.6859068024269677,0.6989609778737537,0.6889090559509329,0.6928,0.6880255555860535,0.7016951387584578,0.6939923691609264,0.6659,0.6583353720937047,0.6682154491897045,0.6640389554469021,0.6918000000000001,0.6856619525021891,0.6949382591943478,0.6938407508068962,0.6510000000000001,0.6423783412444827,0.6483834546961467,0.6895373661786661
medalpaca-7b_zero-shot_sc_0,0.40990000000000004,0.40368104766299107,0.44505887369116887,0.4168955428189596,0.3885,0.3781739851608841,0.40025638530005736,0.39335718135499403,0.4236,0.41904947524477215,0.4744412579513113,0.4277851554741234,0.38949999999999996,0.38049701317611606,0.41609713835779244,0.389005563339724,0.4455999999999999,0.4411669434427728,0.4937913210845749,0.45491156885890405,0.5213,0.5240437398354154,0.5727395836481071,0.5369299388614711
counselingQA-gpt4o_few-shot_None_1,0.7431000000000002,0.7397019797591624,0.7476737907658823,0.7425858139303648,0.7724,0.7684357183052144,0.7841859393076337,0.7689062723750426,0.7377000000000001,0.729184610694378,0.7358497689755836,0.732871680205258,0.7484999999999999,0.7443360762039727,0.7490384675677788,0.7502957034494568,0.7335999999999998,0.7285670130045427,0.7344422452057835,0.7341145477756467,0.6502,0.6393956639279389,0.6831740841490135,0.6846753775548058
MentaLLaMA-chat-13B_few-shot_None_3,0.4783,0.4582429442529749,0.4967462238425743,0.47278348864723496,0.49319999999999997,0.4768070720306766,0.5260036853867994,0.4978990631335688,0.5145,0.49991477784167904,0.539989959481551,0.5116813380332565,0.45089999999999997,0.42802967661711405,0.46383681733640225,0.4453122034397092,0.45459999999999995,0.43530966881331457,0.4645530984166306,0.4471211323401729,0.5255000000000001,0.5037993766752182,0.6373033838481003,0.5243608807179982
Llama-2-7b-hf_zero-shot_sc_0,0.35359999999999997,0.3435428273989524,0.3556138342024518,0.3494436433832215,0.36050000000000004,0.3477615010557155,0.3541831206560231,0.3547278317217637,0.36500000000000005,0.3604225963582001,0.3719555186473829,0.36496418041398526,0.3332,0.3259864362152217,0.3461132324827838,0.33578819314989966,0.3588,0.3350382160545841,0.34481510797615733,0.34439621602230497,0.39320000000000005,0.38031356649927417,0.4850010954742486,0.399315298517539
Asclepius-Llama3-8B_few-shot-cot_None_3,0.2655,0.1536846583196302,0.3717009960665175,0.2650867153277431,0.2908,0.16189517884208623,0.39008503476442263,0.2706458827339573,0.25500000000000006,0.14589479199609806,0.29192635535495254,0.2565429081079978,0.25939999999999996,0.15072551112920662,0.3159895861106621,0.25871498734076254,0.249,0.15213222939658788,0.37121834089411715,0.2807351625124227,0.1736,0.07673913647227555,0.04561421457141682,
Asclepius-7B_few-shot_None_5,0.244,0.09759294425452722,0.061,,0.2114,0.08674690530349735,0.05285,,0.22190000000000001,0.09029922326129597,0.055475000000000003,,0.2526,0.10043358428196948,0.06315,,0.23720000000000002,0.09541133902077772,0.059300000000000005,,0.39470000000000005,0.141100827061822,0.09867500000000001,
meditron-70b_few-shot_None_3,0.5895,0.5832210131529875,0.5910620677158758,0.5876919751767438,0.6349,0.6267436077185427,0.633277214722553,0.6326927082044916,0.6175,0.6100910258315873,0.6223090886623739,0.6182215776288943,0.5735,0.5661344025092844,0.5752686491210324,0.5735199332155689,0.5667,0.5573839278104232,0.5636604884781184,0.5635376165401841,0.5583,0.5643660035531743,0.5692391641490644,0.5939129658162053
Llama3-OpenBioLLM-70B_zero-shot_None_0,0.6982,0.6925077303727263,0.6980106358534308,0.6968891877178318,0.6963000000000001,0.6890685200951839,0.6944809325942505,0.6956591075491374,0.7006000000000001,0.69548482233881,0.703979627647607,0.6990761932519483,0.7099000000000001,0.7026841359819933,0.7088544032546656,0.7062294413790849,0.6920999999999999,0.6852811852203216,0.6900876053797576,0.6915094627590481,0.5729,0.5639062492229937,0.6243691728725788,0.5668491783417963
Llama-2-70b-chat-hf_zero-shot_sc_0,0.6134,0.6046147404524784,0.6183268953326067,0.6110750546861694,0.6369,0.6265871575347187,0.6348865185474275,0.6327088229514072,0.6207,0.6059853849134733,0.6175980876559901,0.6135659447209798,0.5938,0.5810131925097631,0.6031799944200152,0.5919095186837421,0.6123999999999999,0.6020195425713407,0.6112552552557164,0.6076199756703733,0.4396,0.4228061775186914,0.43157857040016556,0.45139313242020485
Llama-2-7b-hf_few-shot-cot_None_1,0.21980000000000005,0.08293236848710983,0.11919622486586336,0.18188756514484422,0.2491,0.08998553223214836,0.12266974801046338,0.19174853677380277,0.2,0.07679317375801907,0.10287452152526985,0.17690120496436484,0.2279,0.087690315582192,0.15081708593470977,0.18259846843026648,0.1759,0.06623624888185631,0.08083301741897371,0.15784567842659972,0.13,0.051409715831589015,0.03125461684256295,0.14977473159623314
Llama3-OpenBioLLM-8B_zero-shot_sc_0,0.5816,0.5753313937489587,0.5815821783510874,0.5811535178754008,0.5721,0.564003966024503,0.5732812469617157,0.5682851604797539,0.6277,0.621389169898871,0.6259593073721627,0.6265386778182461,0.5739,0.5679667381588381,0.5744719980503459,0.5736742603888847,0.5882999999999999,0.5807362345952736,0.5848000427564783,0.5876267414251668,0.39470000000000005,0.37619426916340737,0.4077603996534218,0.4010852611883737
Asclepius-13B_few-shot_None_1,0.2139,0.09995134832575671,0.17918291196122127,0.18386938201660513,0.25610000000000005,0.11822792862941212,0.19612015504215172,0.19870931298044084,0.24179999999999996,0.11235632372474447,0.2297863439337061,0.20261112504206594,0.22149999999999995,0.10531919260376746,0.17475231674704161,0.182613108017013,0.1808,0.08360036195466469,0.17965118369945315,0.1591749494614824,0.13190000000000002,0.054552486481005025,0.03363527804456617,0.1489314492807163
medalpaca-7b_few-shot_None_5,0.24550000000000005,0.2394953853967645,0.25066444347894135,0.2489907353756746,0.2609,0.25234565715876206,0.26235773716610306,0.2613110910933903,0.24669999999999997,0.24409241942770155,0.25999085233308605,0.25066298909740614,0.21919999999999998,0.21275791953786108,0.22465437956414533,0.21787465512209,0.22899999999999998,0.22070774872202636,0.23317064965948023,0.2371305039964465,0.4328,0.3880938632333366,0.3977248725437548,0.42464135493986555
Llama-2-70b-chat-hf_few-shot-cot_None_3,0.426,0.3511137010040148,0.4212147425065072,0.3427198834374391,0.4292,0.3553228467990862,0.4506599539016284,0.34734025078066216,0.3815,0.3141682434616027,0.36786422710820266,0.304435881865057,0.4395,0.35742239264584846,0.42064305958129256,0.3515179212898713,0.38409999999999994,0.31371937542050776,0.3784563776816253,0.3169740622940422,0.43800000000000006,0.29576652348712834,0.37741895486711835,0.2579865098617232
med42-70b_few-shot-cot_None_1,0.5361,0.4406196901892105,0.47913436567374534,0.42854405043973876,0.5683999999999999,0.4590435689055797,0.4897319946338945,0.4539078695906476,0.5058,0.4223347630759293,0.46158055988178126,0.4049369396738031,0.5312000000000001,0.4413640561900252,0.4815936212994049,0.4277161234092637,0.5219,0.43324324283660204,0.48273082410764645,0.42014270788642205,0.4347000000000001,0.3780809674817908,0.5266532550601294,0.3488894893110234
Asclepius-7B_zero-shot_sc_0,0.31210000000000004,0.294964963002434,0.3377554813897409,0.319721763786251,0.3013,0.2788147382169173,0.3333722677432436,0.3168977766294532,0.3175,0.3007302296448202,0.33343689813282934,0.3351403776744298,0.3063,0.28231535160372984,0.314953349203358,0.30220142494659546,0.3507,0.3370825324668032,0.39319621671738153,0.3520898853006444,0.3849,0.29853086901423587,0.29545278571293176,0.320063718520947
Asclepius-7B_zero-shot_None_0,0.2758,0.26682848632386014,0.2788030132716654,0.2768905108171542,0.2488,0.2376449892588509,0.25059954493861414,0.2542854133522789,0.3139,0.30820458470435347,0.31286671456857623,0.32307399058787817,0.27940000000000004,0.26735834361964456,0.27983891018614404,0.2765001126856145,0.2871,0.2812967702618169,0.29733753230208715,0.291605322980175,0.48040000000000005,0.463307477434047,0.4924981033640918,0.4663124718568995
Asclepius-Llama3-8B_few-shot_None_5,0.2649,0.21680210778178766,0.2929294198295303,0.2731226608975322,0.2526,0.2152416679348307,0.28985951191760295,0.2722182856894812,0.29910000000000003,0.24838680560671086,0.3115988291902287,0.31732074604984545,0.29009999999999997,0.23896524410494074,0.3208732566325051,0.2899138077166876,0.22939999999999997,0.17350355724365582,0.2261974838548406,0.23186247681177552,0.3444,0.21850420175077384,0.24630687497863785,0.24698788367192903
llama-2-7b-chat-hf_zero-shot_sc_0,0.44880000000000003,0.42347250158488076,0.4796938766317427,0.439635634525352,0.4572,0.42805912924506584,0.48493058308650816,0.4478227173468086,0.48359999999999986,0.4689076274556453,0.5231052192321166,0.47626211677910346,0.43040000000000006,0.4064233712117158,0.4554788659371466,0.4211447423274549,0.40740000000000004,0.38826814603246396,0.4445424928115697,0.40096999940429,0.3046,0.29375021096304055,0.4938575246200324,0.3399907525031707
medalpaca-7b_few-shot_sc_5,0.24210000000000004,0.20106481270797752,0.24737383327808377,0.2546628655293294,0.2348,0.19689216788351083,0.24578258044320006,0.24397878322585564,0.24880000000000002,0.2073416488324058,0.27463338410942273,0.26662367973927065,0.24170000000000005,0.1921411284196445,0.23290661251660427,0.2438231640785514,0.2661,0.22315668383267576,0.28885034447173685,0.2809040912790865,0.3044,0.19818853562987407,0.1617258257199972,0.26191063648554475
Llama3-OpenBioLLM-8B_few-shot_None_5,0.2568,0.18492741602739546,0.2961157390511548,0.267319720006069,0.24360000000000004,0.1761763012110791,0.30784016150828714,0.26954151691804246,0.28709999999999997,0.2118341665008127,0.3474800450013354,0.3071708080442667,0.2702,0.19492361797507538,0.30441231959258475,0.2659851071925166,0.21710000000000002,0.14189631160759528,0.22333885446877055,0.22606641882602205,0.34869999999999995,0.21004796556477726,0.23582778733874402,0.24331294158411126
medalpaca-13b_few-shot_None_3,0.22330000000000005,0.18460893048756863,0.214779528449446,0.17558034792482002,0.21960000000000002,0.17856678550208369,0.19877328085182916,0.1754610143321604,0.17490000000000003,0.14975659419921974,0.18452277163786465,0.13778495353273068,0.21030000000000001,0.17328648125831808,0.20560273645174887,0.16204806850725695,0.22949999999999998,0.18847059948761924,0.2184091080417583,0.18128990052417848,0.17299999999999996,0.1233513610024224,0.1573994189737215,0.10700602361877681
Llama3-Med42-70B_zero-shot_None_0,0.6807999999999998,0.6548888902049097,0.6639422650185867,0.6584560652684268,0.6992,0.6382004135807946,0.6443585631919436,0.6404211536916934,0.6999,0.6532636610118273,0.6665606081232974,0.6560173749507585,0.6681,0.633461082089972,0.6446877591285416,0.6396217257522161,0.6698999999999999,0.6628840712415418,0.6732786182794893,0.6651184976613407,0.5678,0.5229663025090641,0.5302015733562593,0.5325933524619956
Llama-2-13b-hf_few-shot_None_3,0.41969999999999996,0.412347015717741,0.422578961147172,0.418472364597192,0.4229000000000001,0.4160188168106969,0.4264750202099315,0.4212744936699406,0.4366,0.42485799906885047,0.43115052922504604,0.4362095175182524,0.4113,0.4019915045902423,0.41726021179603334,0.4097265990107377,0.35639999999999994,0.349322944535422,0.359222058119536,0.355438092477062,0.6478999999999999,0.6351455446988077,0.6450552241827628,0.6620484894194092
Llama3-OpenBioLLM-70B_few-shot_sc_5,0.2324,0.09381341435061774,0.0581,,0.22060000000000002,0.08984190973893594,0.055150000000000005,,0.22029999999999997,0.08979581221737298,0.05507499999999999,,0.254,0.10082633462284372,0.0635,,0.23739999999999997,0.09541269382281145,0.05934999999999999,,0.3926,0.14048597671750873,0.09815,
meditron-70b_few-shot_None_5,0.23750000000000004,0.1738795317753183,0.23814992776394794,0.24572521252637075,0.22179999999999997,0.17447139743797524,0.2507165490029169,0.24485484094579024,0.2612999999999999,0.19901750369769527,0.28985071437051024,0.27992606694361555,0.24850000000000005,0.17232335297264487,0.22184157473467217,0.24347324386354785,0.21749999999999997,0.1496169594865103,0.19386091905561412,0.22975197370578232,0.31000000000000005,0.19626039571423437,0.332848260388749,0.2197807812153366
Asclepius-13B_few-shot_sc_5,0.27260000000000006,0.1636501689226926,0.19431619122841423,0.2597024202100351,0.24410000000000004,0.14583131063105387,0.19723846618704802,0.2575949946480155,0.29109999999999997,0.17780342026154866,0.22422495836569312,0.27222112946077265,0.2761,0.15937058550030872,0.15736156484342967,0.2450023201537852,0.2763,0.17777007730199468,0.2544039297546535,0.27705566328551395,0.21900000000000006,0.15965677613470658,0.21750633861587196,0.20783958636325012
Llama3-Med42-8B_few-shot-cot_None_3,0.5664,0.5430515489556089,0.5560981089823084,0.5471641798560808,0.5710000000000001,0.5613083532492736,0.577377816806955,0.5688327630992809,0.5396,0.5345641770211839,0.5481778420154454,0.5388469704213249,0.5715,0.5449209208787129,0.5550757528575022,0.5515938178605191,0.5562,0.5217631862483522,0.5321674937339548,0.5300346552665389,0.6029,0.5852731724853417,0.6349199962514451,0.6350273472086883
Llama-2-13b-chat-hf_few-shot_None_5,0.24630000000000002,0.11521235120864799,0.1323783960793829,0.2547843683137273,0.21849999999999997,0.10176609316381816,0.10206381593539054,0.2465297434688768,0.23520000000000002,0.11736613362453444,0.13710830549208272,0.2600106855346024,0.25429999999999997,0.12766665181738598,0.15091930705612772,0.2606709024583578,0.2343,0.10520562792456487,0.11304548138543499,0.24766844226332463,0.43920000000000003,0.22731423009475535,0.34826424128798694,0.3006184879067808
medalpaca-13b_few-shot-cot_None_1,,,,,,,,,,,,,,,,,,,,,,,,
MentaLLaMA-chat-13B_few-shot_sc_1,0.4897000000000001,0.4722165605912377,0.5006990660452809,0.48515381097471866,0.4978,0.48713851717389334,0.5245810444870986,0.5023965192275736,0.5128,0.4892074825258875,0.5189211173291214,0.5068624181723647,0.46629999999999994,0.4456090861823581,0.4693656325535613,0.45946946027109,0.4948,0.48231876138186364,0.5221956376727368,0.4932349178429405,0.47200000000000003,0.44737431754185353,0.4833493392860502,0.46882152664686033
Meta-Llama-3-8B-Instruct_few-shot-cot_None_3,0.252,0.19782783074510518,0.30166851291555263,0.20175075063865655,0.2339,0.17706204991023017,0.28103267638075213,0.1997530952906563,0.2656,0.2092872422059806,0.3283183780614731,0.2025514063646082,0.25190000000000007,0.20463436671496787,0.31385501521372217,0.2058269146939757,0.2456,0.18981830912551914,0.3121727063387007,0.19762272254398386,0.34020000000000006,0.2535181796144252,0.28738316322373797,0.25033732537847597
BioMedGPT-LM-7B_few-shot-cot_None_1,0.02229999999999999,0.031089170819167237,0.1564414141414142,0.018701278367899078,0.0236,0.030620224903897944,0.18772619047619052,0.01752354887077195,0.023,0.030936981211081013,0.12846447441447442,0.019753004467617526,0.028599999999999993,0.03949486779555018,0.17647828282828282,0.023899262386624806,0.018000000000000002,0.025283323826886073,0.08944605394605391,0.016373949943713117,,,,
meditron-7b_zero-shot_None_0,0.2528,0.20407373728839018,0.22899816265679274,0.20091410630644554,0.26859999999999995,0.21506111696671545,0.23952206370412038,0.21565273754780015,0.2731,0.2236676417761744,0.2559965592821301,0.21553730223986875,0.23859999999999995,0.1920711458911587,0.21755288792417765,0.18770883350923925,0.28170000000000006,0.22604397492520753,0.25075579907553064,0.22341415341716675,0.17859999999999998,0.13959327202862945,0.288599613400113,0.14661333097181115
Llama3-Med42-70B_few-shot-cot_None_3,0.6386999999999999,0.6223546719886484,0.6352321571293927,0.6262409944689393,0.6491000000000001,0.6132695203923153,0.6330682139920377,0.6171304087600072,0.6470999999999999,0.6409941333013984,0.6593066170491924,0.6476212166997893,0.6356,0.6296819748772363,0.6422027006677143,0.6354725193745004,0.5674,0.528033432877386,0.5400135588404016,0.5329094578281506,0.5643,0.5688123128384277,0.6921646287919451,0.6115147480025529
Llama-2-70b-chat-hf_few-shot-cot_None_1,0.3399000000000001,0.2624307290299102,0.401264583286622,0.27523167059242115,0.3766,0.27799682889517763,0.4155487707247149,0.29580987785640334,0.31660000000000005,0.2431252868781003,0.3689661887696689,0.2578899836960217,0.3354,0.2591333662842736,0.38102328822890774,0.27157114968913787,0.2924,0.22671486720733783,0.3758985393647072,0.2469435655661517,0.35039999999999993,0.31711067289388967,0.5265741740869968,0.2914973751371074
Llama3-Med42-8B_few-shot-cot_None_1,0.5608,0.5384991894455263,0.5505311478137063,0.5442280199584576,0.5652,0.5547005196079329,0.5668838482534256,0.5604553738506407,0.5650999999999999,0.5568256965831306,0.573783826089029,0.5622513468858559,0.5851999999999999,0.5707017653693773,0.5836762024318937,0.5762414560609216,0.5216000000000001,0.47839906023356155,0.49245431756627506,0.4848400970876217,0.5193000000000001,0.5069837933807516,0.5228093961099674,0.5116294629646194
Llama-2-70b-hf_few-shot_sc_1,0.6367,0.6291077440978371,0.6336268344934737,0.635271977910146,0.6701,0.6629408518817904,0.669662729592538,0.6681290973650228,0.5882999999999999,0.5785804648108299,0.5840170331051454,0.5884448012501158,0.6391,0.6324338495217543,0.636925696891631,0.6386493134937421,0.6595,0.6539840185529294,0.660293119992496,0.6583121718380619,0.5682,0.5689311714922369,0.61801018688339,0.6024391167560621
meditron-70b_few-shot_sc_1,0.6202000000000001,0.6127510652613979,0.6191403522585922,0.6175473264903804,0.6420999999999999,0.635473673688976,0.6437453564425752,0.6415824263494767,0.6223,0.6115946774597257,0.6180920742943831,0.6190136366263888,0.6175,0.6101509383988617,0.6157957733295674,0.6166805542007058,0.6224999999999999,0.6142316155541724,0.6233151904888323,0.6177050648865987,0.4799000000000001,0.46878342542738777,0.5234059250448813,0.47619368053282324
Llama-2-13b-hf_few-shot_sc_1,0.47590000000000005,0.4687984251541166,0.4869033562600707,0.4738308246752513,0.4738,0.45528919647753163,0.4743721312610842,0.4610143122611674,0.4867999999999999,0.47752658918902624,0.4846999204211373,0.483929781685251,0.4587,0.4515492205826061,0.47256348535769827,0.45951185687774365,0.49329999999999996,0.4872499338330982,0.50923466697463,0.4893387698172478,0.48090000000000005,0.4446974264575854,0.49661952924358327,0.4520917292726733
Llama-2-70b-chat-hf_few-shot_None_3,0.6311999999999999,0.6214451821107547,0.6366404437505898,0.6281873543058075,0.6468,0.6364803191578153,0.647932986179399,0.6412606300085953,0.6417,0.6211302877739918,0.6341793220820816,0.6327915012152534,0.6214,0.6104146595802713,0.6394232663623245,0.6185661026036978,0.6018000000000001,0.5887941294172429,0.6003558660903815,0.5929822759545427,0.4426,0.43861656008583216,0.47684042283576134,0.4508361477776646
ClinicalCamel-70B_few-shot_sc_5,0.23900000000000002,0.09601885696137877,0.059750000000000004,,0.2223,0.09037615256177714,0.055575,,0.21440000000000003,0.08786452412324623,0.05360000000000001,,0.253,0.10051817192702903,0.06325,,0.24070000000000003,0.09655334707389895,0.060175000000000006,,0.39299999999999996,0.1406948283734565,0.09824999999999999,
medalpaca-13b_zero-shot_None_0,0.5115,0.48975274703250266,0.49890902421515826,0.49388865630518447,0.5214,0.5149359824527581,0.5202669612873935,0.5209457935887384,0.5192,0.4826053606410857,0.4917580615893383,0.48793821346676836,0.5242999999999999,0.49933417143202097,0.5107566982245573,0.5032563968932926,0.5144000000000001,0.47733535503990937,0.4858825853348737,0.48814811130297175,0.34950000000000003,0.3313480012352618,0.43252452923154555,0.3477265767902935
Asclepius-Llama3-8B_few-shot_sc_3,0.38520000000000004,0.36738521132341845,0.4139249911657615,0.3910557963872543,0.43450000000000005,0.40480902463591073,0.43882085464914466,0.4257850898971876,0.36289999999999994,0.3504775064560686,0.406305507723924,0.3675639864760848,0.3993,0.38479085687611314,0.44902838173510146,0.41201878948899784,0.3495,0.3293068851742796,0.378477744795842,0.34979034531037734,0.3886,0.36726612631423644,0.4203913321651509,0.40132569542745594
Llama3-Med42-70B_zero-shot_sc_0,0.6943000000000003,0.688644779635915,0.6959130972681016,0.6922882757553723,0.7223999999999998,0.7142832821886356,0.7194352440083907,0.7182333751479394,0.7127999999999998,0.7047381040868366,0.7163666229129688,0.7090655021923205,0.6748000000000001,0.6696444300967273,0.679926515258681,0.6778349050464514,0.6676000000000001,0.6583619571555844,0.6677113093292241,0.6617146220790775,0.6186,0.5689596198305624,0.5700711164180441,0.5860238443164472
llama-2-7b-chat-hf_few-shot_None_1,0.4004,0.29839281608063534,0.37513754466010757,0.3149982631961499,0.4125999999999999,0.30688576994362987,0.38027146285130525,0.33397310825510346,0.4081,0.3035904890850565,0.3682752236078956,0.31690559535109275,0.3993,0.2912303590162799,0.36466866413808874,0.3088699674759226,0.42310000000000003,0.317078476418161,0.3882723932213256,0.3299004409445901,0.2591,0.17177578305630614,0.2778550283917889,0.2017196135466342
med42-70b_few-shot_None_1,0.647,0.5246091199096601,0.5430711419178166,0.5159882192184582,0.6777000000000001,0.547858402100252,0.5600298203526386,0.5453658749506323,0.6315,0.5157987141726448,0.542124681876438,0.5038423881787918,0.6289,0.5108868073577828,0.5340114043769643,0.5022178098976205,0.6544,0.5294531658204648,0.5538973255794699,0.5166828222959425,0.5618000000000001,0.4698824776384482,0.5602645976671419,0.46687019943023617
ClinicalCamel-70B_few-shot_sc_1,0.6718999999999999,0.6662335189707035,0.670207024969942,0.6713545134880738,0.7058999999999999,0.6955139677111731,0.6997648572125521,0.6994495903312468,0.6407,0.6306434154211304,0.6370081220256146,0.6393410621063647,0.6614,0.6544280622190864,0.6582586507181017,0.6604855669384461,0.6806999999999997,0.674087898942722,0.6779338924010722,0.6802439815809527,0.6196,0.6203166506279466,0.6798371321081337,0.673656377781974
Llama-2-13b-chat-hf_few-shot_sc_1,0.5293,0.5123085237206144,0.5295346986796425,0.5222241808064082,0.5433,0.5274256424694521,0.5527424069279613,0.5396001429041282,0.5316000000000001,0.5172863987888364,0.5321342530851831,0.5267470468843528,0.5046,0.4862593813990205,0.501792438923657,0.49699355222619795,0.5449,0.5315355908543329,0.5494518984343114,0.5362082545994216,0.44610000000000005,0.42745656295381096,0.4771778739925579,0.45588551418728424
Llama-2-70b-chat-hf_few-shot_None_1,0.5725,0.46202312485125047,0.48849722647887917,0.4572039641637815,0.6244999999999999,0.504939682567889,0.5235232657559419,0.5027154950611746,0.5579,0.4450539748275546,0.47825615224572443,0.4398964085380836,0.5643,0.4513686523010221,0.48283341780160016,0.45032390031003094,0.5760000000000001,0.46508775778474437,0.491289539988858,0.45595705140751297,0.48229999999999995,0.3878395921183204,0.44300404946242133,0.3960987101851531
Llama3-OpenBioLLM-8B_few-shot_None_1,0.5909,0.5850838476065374,0.5925830192387519,0.5902314440937144,0.5854,0.5769645991459541,0.5848630007291985,0.5808307316639478,0.6406000000000001,0.6352294905634488,0.6433337813310055,0.6395338546681185,0.5867,0.5806858973221126,0.5889057354968837,0.5864516596395436,0.5294000000000001,0.5216810737627393,0.525634774966883,0.5276410990786082,0.43839999999999996,0.4388258048295931,0.4872819639033215,0.46460084054036094
med42-70b_few-shot-cot_None_3,0.10779999999999998,0.12133585834950306,0.43253414798278095,0.08743368234049954,0.13699999999999998,0.15393072741630487,0.45641516076152505,0.11461095704157334,0.1047,0.12325884594192633,0.4116308554515137,0.08492587386009304,0.09230000000000001,0.10330882030525228,0.405676719947078,0.0744683504372121,0.07989999999999998,0.08326431598604961,0.3048213882201018,0.06487520407457824,0.04449999999999999,0.041401075217443205,0.08217041606605731,0.028330761932017515
Llama-2-70b-chat-hf_zero-shot_None_0,0.6138000000000001,0.60454780932763,0.616338082568396,0.6099131755297212,0.6461,0.6341393256653443,0.6415384041997498,0.6399098599446243,0.6174000000000001,0.6024558269436161,0.6162314725995562,0.6122973596663376,0.5952000000000001,0.5830559988606162,0.6018470594488688,0.5935284795535484,0.6212000000000001,0.6141668935798408,0.6214590938066078,0.6184033837994117,0.4399,0.42238543531225825,0.4583537338133683,0.4507536271746884
Llama3-OpenBioLLM-70B_few-shot_None_5,0.23460000000000003,0.09447021307622312,0.05865000000000001,,0.21989999999999998,0.08965156430468556,0.054974999999999996,,0.22260000000000002,0.09058540447707035,0.055650000000000005,,0.2475,0.09876020000406141,0.061875,,0.2358,0.0949704961109077,0.05895,,0.3971,0.14165802496089297,0.099275,
Llama3-OpenBioLLM-70B_few-shot_None_3,0.7176999999999998,0.7134736705790502,0.718460245448545,0.7179871880698365,0.7299000000000001,0.7217956599085601,0.7265450130955329,0.7270357539535649,0.7360000000000002,0.7279903356765607,0.7369924758640504,0.7303194143732865,0.7165999999999998,0.7108019838715197,0.7176395610137967,0.715509067195023,0.7085000000000001,0.7042699654277577,0.7088993564852107,0.7075954990315623,0.613,0.5847732429349514,0.5977761981125032,0.5938487252563991
medalpaca-7b_few-shot_sc_1,0.249,0.09926953663659763,0.06225,,0.2643,0.10410538497359012,0.066075,,0.24070000000000003,0.09649949909606952,0.060175000000000006,,0.24209999999999998,0.09697380110520111,0.060524999999999995,,0.21970000000000003,0.08974069372852432,0.05492500000000001,,0.17220000000000002,0.07298001876565757,0.043050000000000005,
meditron-70b_few-shot_None_1,0.5556,0.45025181292683364,0.4710379757123946,0.44382519821645566,0.5867,0.47590344212664204,0.4914564395826301,0.47378355195420846,0.5878,0.4753653840972475,0.5075500189535888,0.47043586001608256,0.5235000000000001,0.4212387236184418,0.44042120465755646,0.4166678803167567,0.5740000000000001,0.462658752203847,0.48832301710137616,0.4539166799256462,0.4298999999999999,0.30978986116698815,0.36029269665686703,0.32494479107003643
Asclepius-7B_few-shot_sc_1,0.23520000000000002,0.09740164011132224,0.0808394201256729,0.24912942630246132,0.25830000000000003,0.10645036082483643,0.1090154485099257,0.25234295756472536,0.24060000000000004,0.10436591205180966,0.13624186391841073,0.25030445665707224,0.24029999999999999,0.09661899434007346,0.0604091746945576,0.24708777465157142,0.22119999999999998,0.091364308077372,0.056251115029283386,,0.1711,0.07254366702463443,0.042775,
meditron-70b_few-shot_sc_5,0.23689999999999994,0.09539225975221996,0.059224999999999986,,0.2151,0.08804994113105433,0.053775,,0.22630000000000006,0.09190544520714161,0.056575000000000014,,0.2587,0.1022500529251881,0.064675,,0.23930000000000004,0.09595187303759832,0.05982500000000001,,0.39630000000000004,0.14150310105687108,0.09907500000000001,
Asclepius-13B_few-shot_None_3,0.31249999999999994,0.26122716010133534,0.32543920181063435,0.2513501424418094,0.2956,0.23877070643637852,0.2960199012590751,0.24200766900625653,0.31699999999999995,0.27162596625413793,0.33520280962246524,0.25457076003274154,0.3018,0.25556619919871343,0.3346304723370968,0.23874839804579603,0.3491,0.29187351086700586,0.36220650865328025,0.2762696525543579,0.35169999999999996,0.19769748083696448,0.2086120997583927,0.19702416756031113
llama-2-7b-chat-hf_few-shot_sc_1,0.43639999999999995,0.40147425020680083,0.45581624453318476,0.4250490914644103,0.40559999999999996,0.3705233234501555,0.42006471402424306,0.4055561901170222,0.42690000000000006,0.3938420107152488,0.4310117521538663,0.41637011431793247,0.4354999999999999,0.400191177253971,0.46215333076242504,0.426092485332002,0.4610000000000001,0.4401079241278775,0.49614725388776904,0.45242885210218786,0.2607,0.24669315731906477,0.42181245828953856,0.28789794358886367
Meta-Llama-3-8B-Instruct_few-shot_None_5,0.2345,0.11918705857862416,0.13690528959685005,0.25248634096350064,0.229,0.12740510290766113,0.1379904342959445,0.25671091410925134,0.2528,0.13377319701437732,0.1606577087551084,0.2733671796682073,0.2595,0.13236460746323633,0.15528383725843817,0.25805036236115336,0.23190000000000002,0.10576673009377352,0.08943468233485286,0.24347269206026717,0.3845,0.19982370508620292,0.2159936948068732,0.2711512184550185
MentaLLaMA-chat-13B_few-shot_sc_5,0.23170000000000002,0.09333787727959596,0.057925000000000004,,0.22409999999999997,0.09108119464317571,0.05602499999999999,,0.223,0.09073841018566706,0.05575,,0.2545,0.10096807069533897,0.063625,,0.2409,0.09662365169236481,0.060225,,0.38659999999999994,0.13897490161606707,0.09664999999999999,
Llama-2-7b-hf_few-shot_None_3,0.3311,0.3264930944972766,0.33044883227522814,0.3314191072709744,0.34720000000000006,0.3353182301370491,0.3392108599856727,0.34142166429075876,0.30689999999999995,0.2993767049448425,0.3035603431256277,0.30321500706568316,0.3166,0.311685420637816,0.316957498426631,0.3171046233844594,0.32480000000000003,0.3189810376859459,0.323609284062866,0.32504044080388667,0.47679999999999995,0.4735400988271741,0.464099199111643,0.5302160777266365
Llama-2-7b-hf_few-shot_None_1,0.2828,0.22680950274202305,0.2341614008708836,0.22699076240155325,0.2973,0.23925040193298497,0.24709833804680442,0.24231307653287315,0.24770000000000003,0.20103046522448811,0.20849837848714425,0.2002949236022871,0.2664,0.21383684371610032,0.22367053125496916,0.2141745947668713,0.3117,0.2485951156886413,0.2600636246728829,0.24475126537684447,0.5212,0.4085706099021501,0.4646085684910733,0.4169312913310403
Asclepius-13B_zero-shot_None_0,0.32539999999999997,0.31168667007602474,0.33790259080051166,0.3283207685763781,0.2782,0.26273329967935494,0.2873343290089779,0.292644479036319,0.3779,0.3719353910350194,0.40516771896183684,0.3832343772440695,0.3575,0.3376207770242462,0.36428846854886904,0.3515399638372328,0.34,0.3346922886062868,0.3619287357307469,0.35027299597495865,0.4355,0.39290723633272584,0.5748351115654912,0.4034966643423557
meditron-7b_few-shot_sc_5,0.23210000000000006,0.13663397191097545,0.1946526190312724,0.24519350392527162,0.2241,0.13802303620125134,0.17554786432263225,0.24568330641039474,0.21080000000000002,0.12419569931229182,0.19745053173345678,0.23231153834846618,0.24719999999999992,0.13342383419618084,0.21334248553111407,0.24734397029584837,0.2438,0.1517788676696869,0.21699522305682742,0.24405748884737147,0.3873,0.13918374162003647,0.096825,
Llama-2-13b-hf_few-shot_sc_5,0.23950000000000005,0.16401476731460002,0.17752148267972165,0.236505792342132,0.23070000000000002,0.15767747015312816,0.14812127426971256,0.23211599007462436,0.2489,0.17261415451726442,0.15761350215602932,0.24973802746462348,0.22510000000000005,0.1590595228720195,0.21692313892122217,0.23785203162111235,0.2611,0.17213318727571153,0.18846760457517028,0.23514595820770232,0.3098,0.19268417812610944,0.16711942344395336,0.26628594237757247
Llama3-Med42-70B_few-shot_None_3,0.6965,0.6394512161300738,0.6490764242188375,0.6424079173139209,0.7310000000000001,0.6702696889113935,0.6756377207671211,0.6725133167142496,0.7076999999999998,0.6983091799139417,0.7127466230250441,0.7033968642877297,0.6991,0.6313407202898439,0.6441171608759346,0.6364259398168318,0.6916,0.6870436941317755,0.6959470187390683,0.689637251356459,0.605,0.5780222058323314,0.5922747594119031,0.586807799542754
