cosine_similarity,length_difference,length_prediction,more_comprehensive,faithfulness,informativeness_step,informativeness_chain,reasoning_alignment,repetition_step,semantic_coverage_step,missing_step,coherence_step_vs_step,perplexity_step,grammar_step,common_sense_error,redundancy,competency,model_name
0.02598698558531676,-158.34736024844722,2.0,-1.0,0.5980068946153111,0.5666554851844495,0.7712149562467445,0.5589113780106447,1.0,0.89587642313533,0.500407641734621,0.9991921079345047,9.433509828167359e-06,0.7944335341453552,0.8074662454544255,0.5589113780106447,Overall,medalpaca-13b
0.029288218190528466,-165.97319932998326,2.0,-1.0,0.5979698776100548,0.5667952627552947,0.7708533003955917,0.5632434729268303,1.0,0.8945415932442597,0.5048944014907012,0.9991921079345047,9.433509828167359e-06,0.7944335341453552,0.8073662986253919,0.5632434729268303,counseling skills and interventions,medalpaca-13b
0.03859181052025453,-152.38365800865802,2.0,-1.0,0.595042581432116,0.564973082773595,0.7715523051706775,0.5568755473619028,1.0,0.8976968965689731,0.5008814994167843,0.9991921079345047,9.43350982816736e-06,0.7944335341453552,0.8073651019364444,0.5568755473619028,"intake, assessment, and diagnosis",medalpaca-13b
0.004183846428621926,-158.07051282051282,2.0,-1.0,0.5995658409437199,0.5676703910108062,0.7711479648309777,0.5542587283521127,1.0,0.8998482350199458,0.4926289708131756,0.9991921079345047,9.43350982816736e-06,0.7944335341453552,0.806888661570794,0.5542587283521127,professional practice and ethics,medalpaca-13b
0.018286280092915257,-151.21948818897638,2.0,-1.0,0.6019074273567031,0.56841221249167,0.7714550578948404,0.5568763103453428,1.0,0.8913704403718992,0.4966846369712212,0.9991921079345047,9.43350982816736e-06,0.7944335341453552,0.8084038363162792,0.5568763103453428,treatment planning,medalpaca-13b
0.029835669040355988,-159.30434782608697,2.0,-1.0,0.5974407215481219,0.5658455363624552,0.7720172444115514,0.563395218356796,1.0,0.8961818313531402,0.5067195368566267,0.9991921079345047,9.433509828167359e-06,0.7944335341453552,0.808151468811234,0.563395218356796,core counseling attributes,medalpaca-13b
0.7231062939911155,-18.86164596273292,141.4857142857143,0.33354037267080744,0.7375695778275586,0.7096762997765712,0.8763424029585367,0.8070059232471701,0.09149110766333056,0.947827016751914,0.7010894221826369,0.8433761492451097,0.016389152424235037,0.8841478266539743,0.8912886461896559,0.7348429926914042,Overall,Meta-Llama-3-8B-Instruct
0.7108313193922267,-25.258375209380233,142.71482412060303,0.35510887772194305,0.7379889236058295,0.711795287762041,0.870399301721897,0.8049219463488164,0.09043012035252457,0.9488106569605711,0.6948373835795938,0.8342512734039332,0.01590456775385631,0.8892423880664145,0.8895625121282846,0.7303161396078728,counseling skills and interventions,Meta-Llama-3-8B-Instruct
0.7356609608252327,-15.66125541125541,138.7224025974026,0.2878787878787879,0.7340719429463611,0.7069989914458564,0.8788357148938751,0.8114848805342878,0.09425720938247549,0.946929684128205,0.7041917155492744,0.8145933008104668,0.01694835943001592,0.8661489593782801,0.8915390858510117,0.7389486489386108,"intake, assessment, and diagnosis",Meta-Llama-3-8B-Instruct
0.7215075251056161,-32.01007326007326,128.06043956043956,0.3333333333333333,0.733913058641681,0.7016843027236758,0.8772733700854001,0.8049485458527349,0.09337695094845475,0.9502468031343083,0.7062102714246445,0.8573094011078018,0.016334305084771895,0.9005022259625602,0.8934729097476847,0.7343453125202613,professional practice and ethics,Meta-Llama-3-8B-Instruct
0.7303994822455203,3.072834645669291,156.29232283464566,0.35826771653543305,0.7466577076877752,0.7179702321478095,0.8852201255742372,0.8066356803759873,0.08703409810000513,0.944572268198215,0.7052820289478176,0.8997635482627107,0.016482929462535142,0.886328758084149,0.8929307287416569,0.7386422416591268,treatment planning,Meta-Llama-3-8B-Instruct
0.7298845156379368,0.11956521739130435,161.42391304347825,0.43478260869565216,0.7389982473699079,0.7113133958981426,0.8704270681609279,0.8027953791461006,0.08867469235606812,0.9493308268819455,0.6948654965861983,0.8636639324199085,0.017095749411988583,0.8907667733482075,0.8883251011172931,0.7343810602374699,core counseling attributes,Meta-Llama-3-8B-Instruct
0.4785984929301053,-72.91133540372671,87.43602484472049,0.018633540372670808,0.6894098578504019,0.6521369674884614,0.8300440648715995,0.7126576253814694,0.3658736250670598,0.9135834773039078,0.5678307592453895,0.7006936016099011,0.015518151639015564,0.6118762019511196,0.8173172285559949,0.6722336119625093,Overall,Asclepius-13B
0.46814528221523444,-82.04773869346734,85.92546063651591,0.023450586264656615,0.6835058344243938,0.6473918520729282,0.819395902229066,0.7079579108726143,0.3864895855380812,0.9022167540317619,0.561536127607253,0.72161632684186,0.014737399383648379,0.6269898751440031,0.8109499272967093,0.6679345936759358,counseling skills and interventions,Asclepius-13B
0.5156823987004174,-66.12391774891775,88.25974025974025,0.010822510822510822,0.6998662721680238,0.660619728611592,0.841097136671671,0.7291002368549234,0.32112852281621695,0.9253311780228957,0.5791858983915541,0.6794577123368213,0.016983281553422498,0.6016294289355225,0.8241096923224269,0.6861117032408972,"intake, assessment, and diagnosis",Asclepius-13B
0.47897930919694215,-75.13736263736264,84.93315018315019,0.014652014652014652,0.687123947185345,0.6487705449923573,0.831162397913471,0.7085199259052087,0.37094673009643897,0.9196758442417637,0.5690796967223116,0.6998159782071904,0.015075968359233837,0.62298205343043,0.8188842365615482,0.6689261973088423,professional practice and ethics,Asclepius-13B
0.43838590219631557,-64.54625984251969,88.6732283464567,0.027559055118110236,0.6886855559542294,0.6532195143324856,0.8357506513084086,0.700226803061083,0.3834483989342079,0.9149480890241979,0.5625905877237729,0.6958188055466776,0.015316762075040872,0.5912835157415633,0.8197136254207048,0.6625507881637575,treatment planning,Asclepius-13B
0.45421171301732893,-38.58695652173913,122.71739130434783,0.0,0.6679825930926927,0.6331673895933769,0.8073198463686783,0.6926046651198668,0.4873153324360433,0.8816244544718405,0.545352130824619,0.6747201012508215,0.014218611506159506,0.5436993997076138,0.7989095525062028,0.6527835648992787,core counseling attributes,Asclepius-13B
0.6031720148977934,-78.69347826086957,81.65388198757763,0.08819875776397515,0.7448880202256233,0.7081575588232051,0.8677220445279588,0.8123238485653279,0.18680150540376472,0.926512021095488,0.6185263473980989,0.8484027376415708,0.027682940898118177,0.9530717278876111,0.8591413577040701,0.7364679283824003,Overall,Llama-2-7b-hf
0.5854586056492899,-84.7533500837521,83.21984924623115,0.08375209380234507,0.7515704554846465,0.7160475462868501,0.8662379571022949,0.8051880284694576,0.1610833540647735,0.9233912714983735,0.6136346514800329,0.8654849134707142,0.03019423785182595,0.9498369951413863,0.8568423616023457,0.727155692438584,counseling skills and interventions,Llama-2-7b-hf
0.6403406707406673,-67.52759740259741,86.85606060606061,0.07575757575757576,0.7427962363527667,0.7041684578843511,0.8682597743254558,0.8214207600807536,0.18929513477042428,0.9255656536720068,0.6173971788929997,0.8188756758981706,0.021627450379456483,0.9531673521018842,0.8536173077471781,0.7513514747026727,"intake, assessment, and diagnosis",Llama-2-7b-hf
0.5933002667985993,-87.84249084249085,72.22802197802197,0.06227106227106227,0.7218544483351524,0.6856961717777061,0.8608406203195125,0.8230920249016066,0.23447884397657764,0.9362093902915262,0.6297395767502473,0.8410369123057369,0.026334447785758015,0.9564121714764116,0.8691577253714257,0.7457073016617543,professional practice and ethics,Llama-2-7b-hf
0.5965082321836664,-74.43602362204724,78.78346456692914,0.14960629921259844,0.7607607710433143,0.7226148802586051,0.8786169950846642,0.8014398503618353,0.18891982779256986,0.922464919271096,0.6194221011306137,0.8596907131000115,0.03347147540867625,0.9573859705337914,0.8635181712473976,0.7222654241628534,treatment planning,Llama-2-7b-hf
0.49825566525206616,-81.1304347826087,80.17391304347827,0.08695652173913043,0.71367322594349,0.6918146082107884,0.8573518584927787,0.8039642889952693,0.21339108568170798,0.9535684139667027,0.6239891238510609,0.9543836378915053,0.037134046234558155,0.9468967813879029,0.8612898101584404,0.7242741374217946,core counseling attributes,Llama-2-7b-hf
0.06515461850596116,-144.65683229813664,15.690527950310559,0.004347826086956522,0.5090202956824214,0.48187874579764106,0.6131790575261882,0.5172671608068861,0.4165259323294003,0.6768928506589885,0.4338789459651453,0.627873279410559,0.007280258898356406,0.6468580205127863,0.6227628972043114,0.4920009251649966,Overall,BioMedGPT-LM-7B
0.06375769326865821,-156.41917922948073,11.554020100502512,0.005025125628140704,0.5051505146113676,0.4801570935599382,0.6085122643417712,0.5134680607655441,0.40911482475226874,0.6714530421931847,0.43144040155537283,0.6223916790201064,0.006481755878914442,0.6441940603935229,0.6212546484760211,0.4878972677055316,counseling skills and interventions,BioMedGPT-LM-7B
0.08058781181441947,-135.9366883116883,18.446969696969695,0.006493506493506494,0.5315016659640511,0.5021931490728511,0.6370568374964082,0.5495285350826382,0.39027620104113314,0.7000239073199718,0.4571290865351999,0.6330022129553493,0.00891456528420663,0.6680122239161254,0.6432566962931385,0.521085936736388,"intake, assessment, and diagnosis",BioMedGPT-LM-7B
0.05327057192143011,-139.3232600732601,20.747252747252748,0.003663003663003663,0.4668941565160755,0.44119502540857386,0.5674413894712516,0.4668536856998214,0.41586528926569244,0.6321099010279749,0.39527957261092883,0.5945651730461321,0.006788264466012522,0.6013054559717723,0.575451395112214,0.4432588364513618,professional practice and ethics,BioMedGPT-LM-7B
0.05156645686713992,-138.66437007874015,14.55511811023622,0.0,0.5147245892750486,0.4854459553276424,0.6203979862868552,0.5164505347211071,0.46063802327124737,0.6845958000036767,0.4336656345302921,0.6586994129072876,0.006961927033567466,0.6545761010672976,0.6299736585599601,0.49496789913125866,treatment planning,BioMedGPT-LM-7B
0.0831234439316651,-140.5,20.804347826086957,0.0,0.5763449711290745,0.5455386991712815,0.7054504238716934,0.5701300605444412,0.6708793290283369,0.7969650040887015,0.48437888622688857,0.7492079105577432,0.004709326463464581,0.7356958123260179,0.7232606850149917,0.5558608154887739,core counseling attributes,BioMedGPT-LM-7B
0.6623246265517444,-60.98385093167702,99.35170807453416,0.29751552795031055,0.6992402424456035,0.6635723851954368,0.8395283408717524,0.7280892013885559,0.4805503809993786,0.9300312586753531,0.6268732588013883,0.8378495124210452,0.009024002872656844,0.897035048066282,0.8579626639518478,0.6884088415179621,Overall,Llama3-Med42-8B
0.6540156143095026,-70.05904522613065,97.9141541038526,0.2914572864321608,0.6990019076278717,0.6643641568573114,0.8344963896704504,0.7334163657455206,0.4715168092760977,0.9298202295213708,0.6271197437156628,0.837584602871804,0.00875870501232422,0.8966758097229637,0.8581861901781559,0.6927499289264032,counseling skills and interventions,Llama3-Med42-8B
0.6890090020913712,-49.10010822510822,105.24242424242425,0.2922077922077922,0.6954419268160706,0.6609701497539743,0.842143005701548,0.728025109716596,0.4689512949142589,0.9308592986586334,0.6271150539744065,0.8128590880722075,0.009867789415760348,0.8868821512045467,0.85793107928954,0.6873782191277397,"intake, assessment, and diagnosis",Llama3-Med42-8B
0.6405918541681636,-75.40750915750915,84.66300366300366,0.25274725274725274,0.6981537054475827,0.6589355266388656,0.8379145274365205,0.7222507969719216,0.5451398690848615,0.9323299291241809,0.6222006040213903,0.8452496949238737,0.008994645934129061,0.9080432349525749,0.855599865281212,0.6868603848766931,professional practice and ethics,Llama3-Med42-8B
0.6638003008982797,-42.98425196850393,110.23523622047244,0.3858267716535433,0.7077145943835077,0.6715015183719849,0.8488184787593342,0.7218073368192819,0.45742513786627376,0.9255139564457848,0.6312864346535808,0.8795669725291728,0.008125677025576884,0.9026453519658062,0.8597742125511086,0.6811848963926158,treatment planning,Llama3-Med42-8B
0.5910191717355148,-91.58695652173913,69.71739130434783,0.13043478260869565,0.6990152360196562,0.6602830565751341,0.8334867786211164,0.7268156149573083,0.45343944074019144,0.9412299502757296,0.6204720274747714,0.7913269282333836,0.008902800377658842,0.9139489512944566,0.8591952795195865,0.6933517911187981,core counseling attributes,Llama3-Med42-8B
0.46677833328252044,-95.63493788819876,64.71242236024845,0.10745341614906832,0.5522896678986833,0.5218250696139947,0.6524694142513185,0.5965079459995336,0.27968084092515155,0.7144880605671889,0.48029006337959834,0.6372431342210186,0.011231188455934623,0.7003032435112492,0.65723120738176,0.5640030057930173,Overall,meditron-70b
0.4685369558933455,-103.32579564489112,64.64740368509213,0.11222780569514237,0.5762568670661004,0.545413017923455,0.6777378261975407,0.6197167116528692,0.2863924376049564,0.7468234730565504,0.49997120412604584,0.6660801707609975,0.01091477021732497,0.7329622194227173,0.68627030720922,0.584986273988682,counseling skills and interventions,meditron-70b
0.4769141367541876,-86.89880952380952,67.48484848484848,0.11471861471861472,0.5233090617920376,0.49357722678034044,0.6227160429469112,0.5844516819308893,0.2819214475530631,0.682392635717607,0.45998154185455065,0.6213930308309437,0.012151177517258473,0.6629966589858661,0.6283655018979023,0.5550275801114528,"intake, assessment, and diagnosis",meditron-70b
0.4658414507796476,-93.4551282051282,66.61538461538461,0.10256410256410256,0.5551698451821561,0.5232693805037972,0.6555633047551271,0.5897321622453716,0.2757765229231927,0.7125634978622556,0.48008340733863425,0.5913624167715237,0.011001332616090717,0.708367669526797,0.6549541758487144,0.5566355204107342,professional practice and ethics,meditron-70b
0.4471120360723557,-94.94291338582677,58.27657480314961,0.09055118110236221,0.5365609614118564,0.5074558032697137,0.6329285188277406,0.5628445542321623,0.2563309011262233,0.6850381679685494,0.4629493128883242,0.627011350882203,0.010559800709855795,0.6719348596272388,0.6320245816280716,0.5309165251976627,treatment planning,meditron-70b
0.4427667451698495,-102.3586956521739,58.94565217391305,0.08695652173913043,0.6479344667874539,0.6150254179134123,0.7672999197941112,0.6846379460959732,0.33335305329250253,0.8572505947491034,0.5728763299791709,0.848942035735767,0.011331334762335566,0.8068371934210784,0.7836394687148918,0.6472533891058486,core counseling attributes,meditron-70b
0.02598698558531676,-158.34736024844722,2.0,0.0,0.5980068946153111,0.5666554851844495,0.7712149562467445,0.5589113780106447,1.0,0.89587642313533,0.500407641734621,0.9991921079345047,9.433509828167359e-06,0.7944335341453552,0.8074662454544255,0.5589113780106447,Overall,medalpaca-7b
0.029288218190528466,-165.97319932998326,2.0,0.0,0.5979698776100548,0.5667952627552947,0.7708533003955917,0.5632434729268303,1.0,0.8945415932442597,0.5048944014907012,0.9991921079345047,9.433509828167359e-06,0.7944335341453552,0.8073662986253919,0.5632434729268303,counseling skills and interventions,medalpaca-7b
0.03859181052025453,-152.38365800865802,2.0,0.0,0.595042581432116,0.564973082773595,0.7715523051706775,0.5568755473619028,1.0,0.8976968965689731,0.5008814994167843,0.9991921079345047,9.43350982816736e-06,0.7944335341453552,0.8073651019364444,0.5568755473619028,"intake, assessment, and diagnosis",medalpaca-7b
0.004183846428621926,-158.07051282051282,2.0,0.0,0.5995658409437199,0.5676703910108062,0.7711479648309777,0.5542587283521127,1.0,0.8998482350199458,0.4926289708131756,0.9991921079345047,9.43350982816736e-06,0.7944335341453552,0.806888661570794,0.5542587283521127,professional practice and ethics,medalpaca-7b
0.018286280092915257,-151.21948818897638,2.0,0.0,0.6019074273567031,0.56841221249167,0.7714550578948404,0.5568763103453428,1.0,0.8913704403718992,0.4966846369712212,0.9991921079345047,9.43350982816736e-06,0.7944335341453552,0.8084038363162792,0.5568763103453428,treatment planning,medalpaca-7b
0.029835669040355988,-159.30434782608697,2.0,0.0,0.5974407215481219,0.5658455363624552,0.7720172444115514,0.563395218356796,1.0,0.8961818313531402,0.5067195368566267,0.9991921079345047,9.433509828167359e-06,0.7944335341453552,0.808151468811234,0.563395218356796,core counseling attributes,medalpaca-7b
0.738662516478426,-23.750465838509317,136.59689440993787,0.35093167701863354,0.7192067340867359,0.6942055756159397,0.8744341760237487,0.8444355333353889,0.10923586295504027,0.9620175380713097,0.7121765453664887,0.8325436579160608,0.01748024144364781,0.9699923871494791,0.9067227589646853,0.7536423732512139,Overall,Llama3-OpenBioLLM-8B
0.7221053894141212,-31.31281407035176,136.66038525963148,0.34003350083752093,0.7212396500026825,0.6970684103610949,0.86843961599272,0.843495775450441,0.10600939698648358,0.9620238583225409,0.7049614367132985,0.83855656764183,0.016205575211555325,0.9736301511814575,0.9037066361772568,0.7528655672659614,counseling skills and interventions,Llama3-OpenBioLLM-8B
0.754315960362102,-18.248917748917748,136.13474025974025,0.30952380952380953,0.7158065085837312,0.6906417983552808,0.8749781558491709,0.8452448972428025,0.1141478982557506,0.9628978181762723,0.7105208157130327,0.8201563093044999,0.018386724279940897,0.9605362002118294,0.903826777597606,0.7563675777297225,"intake, assessment, and diagnosis",Llama3-OpenBioLLM-8B
0.7480750361205021,-26.55128205128205,133.51923076923077,0.3626373626373626,0.7104882291285047,0.6840818822901137,0.8767867637832305,0.8464199411854599,0.11604184204552168,0.9626625877074109,0.7205576601373407,0.8190246558078265,0.017979658799905634,0.9753285124318077,0.9114919087518858,0.7521955846593931,professional practice and ethics,Llama3-OpenBioLLM-8B
0.7386774355618972,-15.200787401574804,138.01870078740157,0.4409448818897638,0.7302445817051554,0.7046134157191183,0.8853763274731129,0.8425103984570832,0.10132062219460967,0.959299798419421,0.7220319909397439,0.8602723670101543,0.01848402525577385,0.9745832285041158,0.9129844024507402,0.7518800604853808,treatment planning,Llama3-OpenBioLLM-8B
0.7462548483972964,1.5869565217391304,162.8913043478261,0.34782608695652173,0.7151189968518016,0.695770845438716,0.8699190231121104,0.8523976915878052,0.1011959195906377,0.96772917138834,0.7268611633259318,0.7726886891658701,0.015175188178062423,0.9525889304977989,0.9181034636593047,0.7583680554576542,core counseling attributes,Llama3-OpenBioLLM-8B
0.6623473285014816,-72.34378881987578,88.00357142857143,0.37763975155279506,0.7295013719768757,0.7009242827195256,0.8734184072642176,0.8308176484534445,0.1610942590009907,0.9579157728421689,0.7053471484409518,0.840526485014114,0.01672333787039594,0.9681008535242245,0.8980673731363311,0.7505082496650147,Overall,counselingQA-gpt4o
0.6388152844445715,-81.43676716917923,86.53643216080403,0.36683417085427134,0.7294433333093486,0.7018155526039725,0.8655372169196381,0.8261434165863999,0.191775468029893,0.9578172064192667,0.696661236975186,0.879323032824147,0.015406329347339903,0.970455249080521,0.8947256303986769,0.7522021757448139,counseling skills and interventions,counselingQA-gpt4o
0.6844617338020564,-62.76893939393939,91.61471861471861,0.36796536796536794,0.7244466793060554,0.6975740879865461,0.8750982207943608,0.838984325335158,0.12425483578062127,0.9586375069878627,0.7092599322993179,0.8019850178163356,0.0183812555442973,0.9575265927585227,0.8996253634140893,0.750130804306001,"intake, assessment, and diagnosis",counselingQA-gpt4o
0.6608819827683025,-83.01098901098901,77.05952380952381,0.326007326007326,0.7265554069969522,0.6916785645165142,0.8732368737841264,0.8250788456783651,0.19804781323448914,0.9610255909039956,0.7015065253394973,0.8392926945287953,0.016554251469546435,0.9753004595870921,0.8924625495385039,0.7494154716586019,professional practice and ethics,counselingQA-gpt4o
0.6790774880549101,-56.52263779527559,96.69685039370079,0.47244094488188976,0.7430491292739315,0.7154935747248207,0.8895444844622077,0.8328681928585806,0.11523957104664148,0.9532505335843856,0.7219628532395119,0.8215263099235475,0.0169880220536923,0.9741198538383855,0.9083147510920512,0.7483231296806824,treatment planning,counselingQA-gpt4o
0.6607578150604082,-74.59782608695652,86.70652173913044,0.43478260869565216,0.7168816892603375,0.6929696156379436,0.8687964436476645,0.8370654442765305,0.17438074006982468,0.9618586914402735,0.7150322179431501,0.8254180683339338,0.016816953021090708,0.9669807616564461,0.9076170272615696,0.7530720224199088,core counseling attributes,counselingQA-gpt4o
0.6673885376788444,-63.13773291925466,97.20962732919254,0.17267080745341615,0.47713207697547655,0.44866803405608036,0.5794709224136031,0.5103677368784839,0.5264005819995026,0.6525153193094133,0.41254290823542883,0.6827531831968711,0.009348319505517465,0.622534145341303,0.6011304743082578,0.5002322374229892,Overall,llama-2-7b-chat-hf
0.6486617012403382,-71.25209380234506,96.72110552763819,0.16080402010050251,0.476709390250474,0.44866561832235546,0.5784075147904443,0.5066589698973379,0.5529106244416767,0.6542011010838855,0.4109561867314142,0.6858833640587334,0.008290138449792279,0.6216071064947438,0.6026425258336551,0.49853192816427605,counseling skills and interventions,llama-2-7b-chat-hf
0.7048453264355707,-56.15692640692641,98.2267316017316,0.15151515151515152,0.463678184611532,0.4359896313115799,0.5631005079664383,0.5035577095186266,0.4888098063794049,0.633144646802332,0.40614623985591813,0.6599303314837945,0.00954123054277153,0.603227081531484,0.5832580967017847,0.49161901385664486,"intake, assessment, and diagnosis",llama-2-7b-chat-hf
0.6665174491403304,-66.82326007326007,93.24725274725274,0.1684981684981685,0.4990747533526484,0.4685540455567999,0.608131579873101,0.5322403329447819,0.5553216454726491,0.6880425588564628,0.42839108468690074,0.7203551503542245,0.010716361244042792,0.6563171030051874,0.630904087047563,0.5230832920433619,professional practice and ethics,llama-2-7b-chat-hf
0.6521268971081031,-52.33267716535433,100.88681102362204,0.25196850393700787,0.4792411813340637,0.4506408069702223,0.5812587969071107,0.5090526200337164,0.49801458303970614,0.6456789059023705,0.41128059893738345,0.6762626135911322,0.010174634023551812,0.6235680172505519,0.5981066274726919,0.4964250518434395,treatment planning,llama-2-7b-chat-hf
0.5871845668829654,-69.16304347826087,92.1413043478261,0.08695652173913043,0.4694394427149192,0.44072261758524595,0.5678499444671299,0.4841338702733966,0.5429847988745441,0.6402647313607241,0.4046393791821016,0.6716174079793626,0.005515710242518995,0.6083251270263091,0.5911788672236484,0.4735530734710071,core counseling attributes,llama-2-7b-chat-hf
0.271685217802488,-136.516149068323,23.8194099378882,0.06521739130434782,0.6817697555366838,0.6501052089275092,0.83114261972394,0.7041969178668641,0.4881473834154931,0.9256824031941423,0.602919769262139,0.6797140504722701,0.009150415658577283,0.8851214379132326,0.8454897190092087,0.6590930037522943,Overall,ClinicalCamel-70B
0.30796388455883444,-139.9250418760469,28.048157453936348,0.06867671691792294,0.6762693133967974,0.6467774196262126,0.8247232866033575,0.696206276303676,0.5117690331619265,0.9236586674344436,0.5978839433932586,0.6991112921659958,0.008083880783345338,0.8813773555365891,0.8426515290173295,0.6524414780535664,counseling skills and interventions,ClinicalCamel-70B
0.28132107056116934,-129.9042207792208,24.43831168831169,0.06926406926406926,0.6924061140587174,0.6612703874242765,0.842368642240158,0.7334499778786213,0.39260269321694774,0.931723240794718,0.6222747844519538,0.5971916445881961,0.011381503498516611,0.8976838230265978,0.8523078174454631,0.680061066085251,"intake, assessment, and diagnosis",ClinicalCamel-70B
0.20087749107430378,-142.4981684981685,17.57234432234432,0.054945054945054944,0.6662784219174072,0.6313897767778827,0.8195525417411393,0.6709066196501839,0.5951775622131105,0.9218746066816539,0.5810740930616333,0.7272587207251744,0.007364297766978354,0.8696184837218364,0.8387980793157355,0.6354628016101026,professional practice and ethics,ClinicalCamel-70B
0.25357181585474514,-132.65846456692913,20.561023622047244,0.06299212598425197,0.6923660849292405,0.6577753215887698,0.8388901592624616,0.7053146976688115,0.49089030186667687,0.9227860620255889,0.6022268703304081,0.7304172977449017,0.00962289872829704,0.8864763882161665,0.8466253475039391,0.6624696693551821,treatment planning,ClinicalCamel-70B
0.18141965086207443,-148.6413043478261,12.66304347826087,0.043478260869565216,0.6761647904731379,0.6476586677476215,0.8237630722072461,0.705933863507279,0.5126700984395068,0.9324167573624635,0.6078059636765039,0.7391217107423986,0.007644131964157326,0.8954243797993994,0.8469432015092361,0.6557481123701386,core counseling attributes,ClinicalCamel-70B
0.42058149973850306,-104.50248447204969,55.844875776397515,0.12111801242236025,0.585577252604376,0.558049242774661,0.7329364172335908,0.6302984950810033,0.5807928040022066,0.8244223928924541,0.5210865854170237,0.7926147064254189,0.012712179688439604,0.8246049884036434,0.7687831087906347,0.602362849403506,Overall,Llama-2-70b-chat-hf
0.3918150844429955,-116.86976549413735,51.1034338358459,0.10050251256281408,0.5766487733551963,0.5498260470951145,0.7241051131018482,0.6224447444884809,0.6114602783964744,0.8158114050820403,0.5110003951982492,0.8034863962295925,0.011165563929850445,0.8156324156312904,0.7615033696801412,0.5982480431381157,counseling skills and interventions,Llama-2-70b-chat-hf
0.49085973350440043,-87.53733766233766,66.84632034632034,0.1471861471861472,0.6052694437965014,0.5787184566913978,0.7531967721533638,0.6573956749444267,0.49511076518015945,0.8419975093549051,0.5505763588754978,0.7743839123009127,0.014937495269050761,0.8474599879072597,0.7863802101089267,0.6203800857034855,"intake, assessment, and diagnosis",Llama-2-70b-chat-hf
0.40609590246277305,-107.02655677655677,53.043956043956044,0.13553113553113552,0.5726443731570899,0.5438148097914712,0.7185144574823192,0.6043921374129196,0.6177222112307987,0.8150824996545487,0.5025050563677197,0.7883451380022275,0.012525512095635434,0.8047286414336805,0.753779573446967,0.5813624295580879,professional practice and ethics,Llama-2-70b-chat-hf
0.3773782547181985,-102.51082677165354,50.70866141732284,0.11023622047244094,0.5860900889305284,0.5563114670030603,0.7329699084012381,0.6295945343313114,0.6076898288676574,0.8220597311894255,0.5135211571395639,0.8023457690238344,0.012735671445235833,0.8262286605529904,0.7699162641668956,0.6034234343609941,treatment planning,Llama-2-70b-chat-hf
0.3933846389712847,-115.70652173913044,45.59782608695652,0.08695652173913043,0.5636583961550921,0.5383821588819323,0.7203401355376549,0.597667137569785,0.7928025401804758,0.8260141453696086,0.4875768880643275,0.812034925232697,0.009950767216303355,0.8094979053246226,0.7643924380899784,0.5806065699017262,core counseling attributes,Llama-2-70b-chat-hf
0.6939310803592945,77.27158385093168,237.60714285714286,0.6267080745341614,0.7518329982361891,0.7279832908760777,0.8984783968023423,0.7700379160206823,0.07564113656585304,0.9440658794649469,0.6775336390215129,0.44616183107241597,0.019842035794695283,0.9403693163494738,0.8699407333116911,0.6772169718669253,Overall,Llama3-Med42-70B
0.6833682030289616,61.185929648241206,229.15912897822446,0.6331658291457286,0.7521378889427668,0.7291102730541278,0.8930519003790789,0.7733533526798346,0.07647913520129228,0.9451301602636744,0.6825897838258133,0.46817602440317035,0.01785395206171105,0.9459199895546779,0.8734187448701662,0.6859001706992361,counseling skills and interventions,Llama3-Med42-70B
0.7048255885866556,101.14339826839827,255.48593073593074,0.6038961038961039,0.7494340692400431,0.7263568937926522,0.8995602839965035,0.7698785958685137,0.07915971705839196,0.9407006772927945,0.6696706641650884,0.4325421760108189,0.02491799992463885,0.9265951081854528,0.8652276081616074,0.6708507849330897,"intake, assessment, and diagnosis",Llama3-Med42-70B
0.7039264191637983,56.260989010989015,216.33150183150184,0.6117216117216118,0.7512758262971536,0.7253064571962803,0.9015527392154211,0.7658402134808004,0.07293119557174567,0.9451166307189218,0.6842455728859692,0.3866199480771384,0.01591698272588584,0.9459824445762509,0.8728556648793827,0.6736852485863936,professional practice and ethics,Llama3-Med42-70B
0.6873182630914403,95.59055118110236,248.81003937007873,0.6771653543307087,0.7569622236085183,0.731587300914778,0.9064936518053136,0.7674239289752293,0.07056286031981616,0.9459490868297465,0.6719683173633232,0.4876039220344671,0.01952932120397818,0.9462305008103562,0.8667105716494797,0.6731100762336273,treatment planning,Llama3-Med42-70B
0.7055947689906411,64.1413043478261,225.44565217391303,0.5652173913043478,0.7408567286683096,0.7226757097557631,0.8927525314299957,0.7674763787121437,0.07072767097017035,0.9526167445447988,0.686405675890653,0.3735114442710967,0.01987637123273454,0.9423930973044073,0.8747254227697607,0.6690340536120145,core counseling attributes,Llama3-Med42-70B
0.5931610722317482,-70.7110248447205,89.6363354037267,0.15403726708074533,0.7349706772815974,0.9177762127130671,0.16004449283817485,0.457973539737785,0.8692735628311679,0.00789518872063669,0.9399450407790324,0.9192569200893115,0.7185270338109911,0.9323700410588787,0.04116866169193077,0.014227937695086087,Overall,MentaLLaMA-chat-13B
0.5685005250879855,-82.86013400335008,85.11306532663316,0.16415410385259632,0.7350875512715563,0.9167641078613974,0.18035388807438132,0.4405152167283682,0.8623360229181859,0.007724232076154743,0.9394918354687687,0.9188830973362004,0.7204075283659512,0.9303838025164853,0.03855123935724607,0.013331006638996659,counseling skills and interventions,MentaLLaMA-chat-13B
0.6376606565255075,-55.59902597402598,98.78463203463204,0.14502164502164502,0.7382537147954198,0.9186106109124466,0.10487414110436512,0.4695414930493349,0.8749393440895912,0.008174764039637097,0.9395885461051156,0.9184313271534518,0.7177751825082225,0.9277156547228995,0.04536064516467155,0.015392464412725713,"intake, assessment, and diagnosis",MentaLLaMA-chat-13B
0.5745215682592584,-78.56776556776556,81.50274725274726,0.1282051282051282,0.7234978689578933,0.9175965949797347,0.18657660674648177,0.4346650780405467,0.8688496292838247,0.008105091922882232,0.9421842674083263,0.9200031320083736,0.720333603407971,0.9422703191268731,0.04030885583169733,0.014328788983701712,professional practice and ethics,MentaLLaMA-chat-13B
0.5999674988125898,-59.24212598425197,93.97736220472441,0.1889763779527559,0.7417121598451054,0.9194982808259402,0.17456507861176582,0.4975198697973424,0.8767918543010129,0.007616076953619834,0.9434338199485495,0.9206098978020452,0.7141513527392989,0.9354041668510127,0.041530457888009804,0.014328881171683827,treatment planning,MentaLLaMA-chat-13B
0.48506899862347735,-92.90217391304348,68.40217391304348,0.0,0.726067568998838,0.9094058073460568,0.2701627857923254,0.5381614551373312,0.856280002216606,0.007026702920381807,0.8921793488164743,0.9225646223796083,0.7129635435083638,0.9274383417613487,0.030674375144713165,0.011572255797425355,core counseling attributes,MentaLLaMA-chat-13B
0.6547784458313669,-66.54332298136646,93.79223602484473,0.2608695652173913,0.7150975791430197,0.685621191187761,0.8628250633739514,0.8170157652230249,0.20962087328586354,0.9510940119359251,0.6741181976147977,0.8628392286279444,0.01517156829151481,0.9514026954677766,0.8847209262888293,0.7430881252905689,Overall,med42-70b
0.6365967794630358,-75.35594639865997,92.61725293132328,0.2629815745393635,0.7126735270018394,0.6855358116880752,0.8564135082771182,0.814965859655155,0.21874177505490736,0.9503188356862408,0.6651937230704161,0.8738456833618186,0.014323113939211951,0.95208968211766,0.8816538420851346,0.7424436187717932,counseling skills and interventions,med42-70b
0.6989510420385296,-55.62012987012987,98.72240259740259,0.2554112554112554,0.7220603055621141,0.6910594214001444,0.8696731157576689,0.8277975213052553,0.17102867955451798,0.9503216379793195,0.6856164672722923,0.8242857580808207,0.01664554928131646,0.9493235884968614,0.886627805752028,0.7530052203330255,"intake, assessment, and diagnosis",med42-70b
0.6398438815122995,-66.63461538461539,93.43589743589743,0.2893772893772894,0.7027764358019566,0.6713986083167214,0.8588312858760002,0.8136989531107409,0.23296289788661423,0.9560412957081901,0.6754696507611561,0.853369441956935,0.01512380515150888,0.9538761154635922,0.8873400813533266,0.7379200183701166,professional practice and ethics,med42-70b
0.6406862247463931,-64.64960629921259,88.56988188976378,0.25196850393700787,0.7219313420581744,0.6918285529971152,0.870462257583721,0.8087454250370305,0.22534942724302717,0.9489691030675634,0.6729265081675129,0.9138589447777165,0.014800092339205376,0.9550557453639543,0.8860404646709861,0.7331955806300865,treatment planning,med42-70b
0.5878568820088453,-70.33695652173913,90.96739130434783,0.08695652173913043,0.7077428512005272,0.6777389690082763,0.8549811128202988,0.7851256421510725,0.3036457575533701,0.952004892632733,0.6713933321120946,0.8958339820889271,0.01210859100695684,0.9063000477742458,0.8796675756107031,0.7333785878575366,core counseling attributes,med42-70b
0.02598698558531676,-158.34736024844722,2.0,-1.0,0.5980068946153111,0.5666554851844495,0.7712149562467445,0.5589113780106447,1.0,0.89587642313533,0.500407641734621,0.9991921079345047,9.433509828167359e-06,0.7944335341453552,0.8074662454544255,0.5589113780106447,Overall,meditron-7b
0.029288218190528466,-165.97319932998326,2.0,-1.0,0.5979698776100548,0.5667952627552947,0.7708533003955917,0.5632434729268303,1.0,0.8945415932442597,0.5048944014907012,0.9991921079345047,9.433509828167359e-06,0.7944335341453552,0.8073662986253919,0.5632434729268303,counseling skills and interventions,meditron-7b
0.03859181052025453,-152.38365800865802,2.0,-1.0,0.595042581432116,0.564973082773595,0.7715523051706775,0.5568755473619028,1.0,0.8976968965689731,0.5008814994167843,0.9991921079345047,9.43350982816736e-06,0.7944335341453552,0.8073651019364444,0.5568755473619028,"intake, assessment, and diagnosis",meditron-7b
0.004183846428621926,-158.07051282051282,2.0,-1.0,0.5995658409437199,0.5676703910108062,0.7711479648309777,0.5542587283521127,1.0,0.8998482350199458,0.4926289708131756,0.9991921079345047,9.43350982816736e-06,0.7944335341453552,0.806888661570794,0.5542587283521127,professional practice and ethics,meditron-7b
0.018286280092915257,-151.21948818897638,2.0,-1.0,0.6019074273567031,0.56841221249167,0.7714550578948404,0.5568763103453428,1.0,0.8913704403718992,0.4966846369712212,0.9991921079345047,9.43350982816736e-06,0.7944335341453552,0.8084038363162792,0.5568763103453428,treatment planning,meditron-7b
0.029835669040355988,-159.30434782608697,2.0,-1.0,0.5974407215481219,0.5658455363624552,0.7720172444115514,0.563395218356796,1.0,0.8961818313531402,0.5067195368566267,0.9991921079345047,9.433509828167359e-06,0.7944335341453552,0.808151468811234,0.563395218356796,core counseling attributes,meditron-7b
0.3941799350056844,-114.73773291925465,45.60962732919255,0.09875776397515527,0.5465132123083823,0.5160403131353746,0.6421402771659311,0.5857949969166406,0.2430386277725515,0.7048643962199794,0.47751639245671973,0.6243041928671553,0.011149668188696222,0.6871677352700257,0.6454748047696842,0.5530669907483949,Overall,Llama-2-70b-hf
0.41269726027037257,-117.78894472361809,50.18425460636516,0.12227805695142378,0.5394250385370336,0.5109652386604631,0.6317276459146709,0.577128148748091,0.2548135526913532,0.6976061194946273,0.4680322592353005,0.6206114895346281,0.0102436414422276,0.6813402462975227,0.6383543064615161,0.5448659643112764,counseling skills and interventions,Llama-2-70b-hf
0.393705481103948,-109.49891774891775,44.88474025974026,0.08874458874458875,0.558308510284908,0.5264957172888889,0.6594632164770697,0.6167741761526901,0.24410204022610762,0.7227084385891616,0.4923310598480849,0.626343167387831,0.012730131214152708,0.6999467829711806,0.6627379575777839,0.5835591810916699,"intake, assessment, and diagnosis",Llama-2-70b-hf
0.3881437909779149,-115.98901098901099,44.08150183150183,0.09523809523809523,0.532122747766288,0.5007161872706948,0.624337498832071,0.5619250955251323,0.2040993206803397,0.6841532664840457,0.4695906568461033,0.6132639295418556,0.011152686807842635,0.6722220110679777,0.6264705615159769,0.5263672224740624,professional practice and ethics,Llama-2-70b-hf
0.36360886204789766,-114.2509842519685,38.968503937007874,0.07480314960629922,0.5618051474960799,0.5293217020500384,0.658255600201802,0.5784208388400593,0.24759231613376947,0.7163794688475126,0.48710441373574626,0.645406937799334,0.010575971531784027,0.6972924027720323,0.6555385251721898,0.5486957704076382,treatment planning,Llama-2-70b-hf
0.3252177023450318,-130.18478260869566,31.119565217391305,0.0,0.4948978447673483,0.4720005939975088,0.5921186239499113,0.5395894224028533,0.2950345360390518,0.6459298438983895,0.41409862636709993,0.5608948551487866,0.009355544266249887,0.6421979917132336,0.5903279090529674,0.5035558841798616,core counseling attributes,Llama-2-70b-hf
0.6620940627015387,-86.20590062111802,74.1414596273292,0.16211180124223604,0.715425511916706,0.6894896418775165,0.8636864699029959,0.8177712546694099,0.12243740291837947,0.9509887728666464,0.6900073348629951,0.9003840066715627,0.023407722126412664,0.9407290061360148,0.8899674434021652,0.7324783800647056,Overall,Llama-2-13b-chat-hf
0.6393154010409099,-95.46775544388609,72.50544388609715,0.1574539363484087,0.7129483772254968,0.6885890485788145,0.8543269614403571,0.8158452814539653,0.12341665190377797,0.9462980366027222,0.6819438677381762,0.913646656270759,0.021144777607642523,0.9366925008548954,0.8852101442479282,0.7330573557975891,counseling skills and interventions,Llama-2-13b-chat-hf
0.7033388379072263,-75.77435064935065,78.60930735930737,0.1471861471861472,0.715348411799473,0.6901481887073723,0.8685838662035505,0.8244277642380671,0.1063781881077997,0.9540596548422244,0.6956892508199011,0.8845072547223286,0.01977888445083548,0.9437228929165039,0.892940929449813,0.7367623826464662,"intake, assessment, and diagnosis",Llama-2-13b-chat-hf
0.6569591675042397,-91.35531135531136,68.71520146520146,0.15018315018315018,0.7056266583805589,0.6761005183498753,0.8633528585535485,0.8145334437408132,0.14768532641921125,0.9546551388898789,0.6899020547378167,0.8952928837567854,0.0258773214258024,0.9383422207208573,0.8895728527441187,0.7257901116652967,professional practice and ethics,Llama-2-13b-chat-hf
0.6561284872013929,-76.52460629921259,76.69488188976378,0.2204724409448819,0.7325191181763,0.7047353181600976,0.8771491091823074,0.8128709606813327,0.11853090390438345,0.9519012385148014,0.699243254288591,0.9060272974907201,0.03090317101058088,0.9474344925350061,0.8951935920384906,0.7292925678266902,treatment planning,Llama-2-13b-chat-hf
0.5571145393035334,-101.8913043478261,59.41304347826087,0.08695652173913043,0.7084772317926737,0.6887994762771078,0.8635743296016818,0.8280655083125054,0.16410243324935436,0.9571423368644821,0.6842833479629759,0.8697035885517203,0.043453389880244886,0.9393440801596297,0.9001214320760071,0.7478828164546386,core counseling attributes,Llama-2-13b-chat-hf
0.7556713081861598,-31.492701863354036,128.84285714285716,0.48509316770186334,0.6849427978577638,0.646953514338711,0.8312327225704139,0.8406416800622174,0.6441978249083359,0.9300408382689211,0.6211252886819674,0.9519058783876858,0.011868532202634332,0.9366111056980647,0.871189719791297,0.8148006485902375,Overall,Meta-Llama-3-70B-Instruct
0.745319747345731,-36.24706867671692,131.72613065326632,0.490787269681742,0.6755071820697319,0.6391778639048435,0.8219602910452327,0.844106530969924,0.6688178894632626,0.9224923419834054,0.6093964793982992,0.9618295605489992,0.011310303863433426,0.9369826313700415,0.8682680373538538,0.8206434913878166,counseling skills and interventions,Meta-Llama-3-70B-Instruct
0.764909052362593,-27.22835497835498,127.1141774891775,0.4523809523809524,0.6831690499139783,0.6464647303119084,0.8336740965739263,0.834439432857944,0.6250484077835298,0.937865674735247,0.6266666259150449,0.9361879830980029,0.012100682310378653,0.9202011562091617,0.8717828890019266,0.8064900788022972,"intake, assessment, and diagnosis",Meta-Llama-3-70B-Instruct
0.7652868694001502,-38.50091575091575,121.56959706959707,0.4908424908424908,0.6813693887179988,0.64020492479264,0.8287257866766782,0.8537381831240433,0.7026921725821692,0.9244081837472152,0.6142626055028041,0.9461741002241146,0.0118812976868368,0.9507915420191628,0.8674482485770701,0.8309349910707482,professional practice and ethics,Meta-Llama-3-70B-Instruct
0.7546527614509027,-20.262795275590552,132.95669291338584,0.5354330708661418,0.7140184093202355,0.672802223731212,0.8508772264036724,0.8293722531115367,0.5600609456264143,0.9394594105744573,0.6452116702507272,0.9629723574722362,0.012802441729092569,0.9476289112098052,0.8797949815426224,0.7986086820963565,treatment planning,Meta-Llama-3-70B-Instruct
0.7369716037874636,-40.108695652173914,121.19565217391305,0.391304347826087,0.6840603507584728,0.6501960064608523,0.835261953184786,0.8490027599422334,0.6475609492348589,0.9314979386432359,0.6265726351867551,0.9538761681102662,0.011304374397965852,0.964969986775894,0.8840652870344268,0.8220264969960503,core counseling attributes,Meta-Llama-3-70B-Instruct
0.7494145869190648,-4.385093167701863,155.96226708074533,0.47267080745341616,0.7232767804756719,0.699701557324917,0.8767199181390475,0.8456692281370567,0.1094394166742,0.9604521653116832,0.7217545502758382,0.8038988241086886,0.017883720116450518,0.9715049106577135,0.9108386846739613,0.7497508180223591,Overall,Llama3-OpenBioLLM-70B
0.7333230924616307,-9.866834170854272,158.10636515912898,0.47906197654941374,0.7241735624651633,0.7030509160640833,0.8718532444020013,0.8434531924240136,0.111421218010873,0.9599036099239155,0.7171830835181228,0.8047527817488508,0.01667764039713807,0.9734728043427392,0.9097432981421735,0.7425335357293262,counseling skills and interventions,Llama3-OpenBioLLM-70B
0.7707811562400876,-2.125,152.25865800865802,0.45021645021645024,0.7172513242734398,0.6934265529678278,0.8756774235718372,0.8535623753346665,0.11111704441008168,0.9627047530169776,0.7220502614605068,0.7799395655765142,0.019349185745165604,0.9627534761155937,0.9089115078096419,0.7609610987678009,"intake, assessment, and diagnosis",Llama3-OpenBioLLM-70B
0.7449097153031345,-14.590659340659341,145.4798534798535,0.4652014652014652,0.7175242725572623,0.6896874273390681,0.8764226130267858,0.8426810051007904,0.11297329715128998,0.9611069859199617,0.7223084517626686,0.844593869548013,0.01781874451911586,0.9750740445291125,0.9100749541881468,0.7479055866176064,professional practice and ethics,Llama3-OpenBioLLM-70B
0.7534639012860501,16.955708661417322,170.1751968503937,0.515748031496063,0.7391178051129572,0.714419514599821,0.8908328427676493,0.8401982340410539,0.09996075721046935,0.9564622236728542,0.7313733873302191,0.8106181371881898,0.01807187235821803,0.9784520590967648,0.917225696958955,0.7489034777771183,treatment planning,Llama3-OpenBioLLM-70B
0.753522717434427,-20.467391304347824,140.83695652173913,0.34782608695652173,0.7134733800983674,0.6937841864072922,0.8694989852931189,0.8447128533600425,0.0861965226738349,0.9667331804889261,0.7265265379910884,0.7405383948100043,0.018644424192980888,0.9769557096741417,0.917993621945826,0.7509587335845699,core counseling attributes,Llama3-OpenBioLLM-70B
